"craftsman_id","craftsman_name","craftsman_address","craftsman_birthday","craftsman_email"
1,Griffith MacVay,"3370 Laurel Point",1994-02-15,drickwood1@soundcloud.com
2,Deeyn Jaggs,"85 Stone Corner Center",1996-12-26,clanghorn2@cnbc.com
3,Shawn Alentyev,"36752 Lyons Terrace",1993-01-18,lmcdougall3@trellian.com
4,Jorrie Brigginshaw,"5693 Boyd Junction",2001-12-28,dfettes4@youtube.com
5,Fae Winscomb,"2705 Elgar Trail",2004-07-15,vlapree5@360.cn
6,Emelda Sanney,"42 Dottie Park",1990-08-14,sdumphries6@cyberchimps.com
7,Roger Daal,"196 Milwaukee Circle",2003-05-01,bbutten7@eventbrite.com
8,Lyle Andreasson,"86664 Debs Crossing",2002-01-03,ltillot8@stanford.edu
9,Horacio Brattell,"842 Aberg Drive",1997-03-22,zde9@shareasale.com
10,Constantine Arni,"231 Sunfield Court",1995-11-27,mjacquemarda@w3.org
11,Reginauld Sustins,"76 Clove Trail",1994-06-08,tdomencb@feedburner.com
12,Demetre Balam,"37068 Becker Hill",2001-10-21,rmelledyc@studiopress.com
13,Ailina Luckham,"7 Pawling Trail",2004-09-15,awallsamd@admin.ch
14,Lawry Polley,"9455 Shoshone Road",2003-07-06,agajewskie@scribd.com
15,Phylis Munton,"6 Karstens Court",1998-12-21,bziemeckif@microsoft.com
16,Caroline Guwer,"2687 Anzinger Trail",2000-09-14,klyptrattg@cbsnews.com
17,Maggee Berthelmot,"4991 Meadow Vale Lane",1998-10-04,wbrownseah@about.me
18,Lisbeth Timothy,"5 David Street",1999-10-13,elincolni@imageshack.us
19,Man Fellos,"7368 Ramsey Drive",1999-12-02,pdumphreyj@comcast.net
20,Gilburt Godbolt,"719 Fordem Way",1993-03-24,gdelhayk@ow.ly
21,Linus Dutton,"3 Cody Street",1990-12-09,cmaloneyl@nba.com
22,Kirsti Pickthorne,"22 Lakewood Alley",2004-07-23,jhovingtonm@technorati.com
23,Elsy Sorey,"285 Jenifer Crossing",2001-05-09,acockn@imageshack.us
24,Drusie Shankland,"4 Straubel Alley",2003-12-26,yglasscocko@imdb.com
25,Johnath Blakeborough,"7 Toban Terrace",1993-01-23,beldridgep@bloglovin.com
26,Belita Sukbhans,"6123 Artisan Terrace",1998-11-21,nronaldq@google.it
27,Danella Watkinson,"59 Merchant Point",1997-10-16,fduffitr@biglobe.ne.jp
28,Leoine Fuzzard,"82 Dunning Lane",2003-10-19,gtunbridges@soundcloud.com
29,Byran Kilsby,"862 Rowland Lane",1996-07-25,ashipcottt@tripadvisor.com
30,Averyl Joyce,"2 Myrtle Terrace",1997-02-24,athrasheru@yale.edu
31,Roslyn Broy,"28404 Badeau Place",1992-07-17,labendrothv@ow.ly
32,Aldus Lackham,"3 Barnett Road",1997-05-06,lcreechw@who.int
33,Doralyn Gullick,"0681 Grover Terrace",1992-09-18,snequestx@unesco.org
34,Banky MacAllen,"6251 Browning Court",1996-02-11,bollery@xrea.com
35,Blair Dolby,"9467 Knutson Pass",2001-10-04,aserginsonz@weebly.com
36,Mohammed Cubbin,"7 Harbort Junction",1992-08-12,twyard10@nhs.uk
37,Vickie Parkisson,"7 Little Fleur Drive",1999-10-22,kanderer11@comsenz.com
38,Kippy Murton,"366 5th Terrace",2003-04-27,sbarltrop12@barnesandnoble.com
39,Abagael Blazey,"01 Graedel Hill",1996-02-13,cburnall13@mozilla.org
40,Cacilie Battram,"285 Butternut Drive",1996-12-30,reallis14@rediff.com
41,Teador Verbeek,"3 Clyde Gallagher Circle",1998-09-19,eferrarese15@clickbank.net
42,Brocky Grenshields,"3 Fallview Place",1993-08-20,bcanto16@moonfruit.com
43,Kerby Closs,"772 Morning Circle",1991-04-04,grouke17@wsj.com
44,Faber Sharpous,"26 Southridge Junction",2002-07-04,gwilse18@ted.com
45,Saloma Glendzer,"181 Portage Terrace",2004-08-01,vjarrard19@engadget.com
46,Hussein Ledgley,"7219 Superior Circle",1997-09-05,kdeetch1a@indiatimes.com
47,Selig Evans,"22 Loftsgordon Place",2000-01-20,tcarrabott1b@huffingtonpost.com
48,Gary Rewbottom,"2185 Barnett Plaza",1993-08-26,achapman1c@example.com
49,Ainslie Tremonte,"46817 Green Alley",1996-10-25,apeagram1d@biglobe.ne.jp
50,Gawain Geall,"2 Randy Avenue",2003-07-12,jgatling1e@1und1.de
51,Foss Tune,"2965 Surrey Plaza",1990-05-08,oturville1f@cisco.com
52,Lorena Hansen,"782 Fremont Way",1998-05-17,dmarcome1g@ca.gov
53,Abbott Brimble,"78273 Bellgrove Park",1996-03-06,ratter1h@amazon.com
54,Debby Pietruszka,"173 Mifflin Terrace",1993-04-06,hbelson1i@techcrunch.com
55,Olva Bawles,"234 Lakeland Hill",1994-04-06,cwainman1j@chicagotribune.com
56,Waiter Kinchlea,"4457 Mariners Cove Place",2004-01-03,lconman1k@sciencedaily.com
57,Andromache Deaves,"0105 Aberg Court",2004-11-19,eglasscoe1l@economist.com
58,Dal Brenston,"60545 Duke Alley",1996-11-07,gmcmorran1m@cpanel.net
59,Emlynn Divill,"2726 South Park",2003-10-24,bbuchanan1n@prnewswire.com
60,Moyra Arons,"8971 Pleasure Pass",2003-05-07,nclotworthy1o@goodreads.com
61,Dicky Spiers,"593 1st Road",1990-02-24,bleyshon1p@telegraph.co.uk
62,Nanon Bloomer,"033 Thierer Avenue",1998-11-22,gjarratt1q@dmoz.org
63,Chilton Comford,"554 Pond Terrace",2002-09-19,ywickman1r@usgs.gov
64,Dione Botwood,"7 Grasskamp Pass",1992-05-01,shaining1s@hibu.com
65,Rudolfo Aloway,"69 Eastwood Plaza",1999-08-03,soxtaby1t@altervista.org
66,Florian Williams,"24 Meadow Vale Hill",2000-09-12,gburnard1u@bandcamp.com
67,Shae Craigg,"9 Monica Parkway",2001-02-13,cle1v@auda.org.au
68,Traci Davidovitz,"5560 Petterle Court",2001-09-28,gvenus1w@huffingtonpost.com
69,Bronnie Jelks,"6 Mayfield Circle",1995-04-26,dhowick1x@uol.com.br
70,Moselle Arpin,"1235 Union Crossing",2003-07-05,otremain1y@addthis.com
71,Garth Brittle,"617 Fairfield Drive",2001-07-10,jsappell1z@webmd.com
72,Udell Hannibal,"4 Porter Road",2004-11-16,mcomport20@macromedia.com
73,Lisbeth Carpmile,"28575 Golden Leaf Court",2000-02-14,jhaddrell21@miibeian.gov.cn
74,Rhianon Goulston,"2619 Larry Point",1996-12-31,tcheston22@cargocollective.com
75,Cami Cordeix,"09 Moland Drive",2001-11-03,ytoderbrugge23@oracle.com
76,Sarine MacMillan,"20001 Loftsgordon Trail",1996-04-22,iforsdicke24@wikia.com
77,Rog Dake,"911 Kinsman Place",1992-10-24,kpagett25@ihg.com
78,Ashton McLeoid,"42168 Spohn Center",1991-08-11,pcowtherd26@e-recht24.de
79,Phip Guirard,"723 Chinook Court",1996-07-14,ejacquemard27@zimbio.com
80,Bendix Deedes,"147 Union Way",1999-06-02,mchinnick28@baidu.com
81,Clarke Delooze,"166 Talisman Court",2001-04-25,mkocher29@mail.ru
82,Skipton Sturley,"17365 Dapin Junction",2001-04-06,shadenton2a@creativecommons.org
83,Lynna Boman,"10 Moulton Park",1995-06-30,tludman2b@army.mil
84,Abbye Cannaway,"61910 Pond Pass",2001-08-04,gcastello2c@blog.com
85,Carmelle Barkas,"6046 Fordem Parkway",1995-07-21,gaberkirder2d@adobe.com
86,Atalanta Hutcheon,"381 Rockefeller Parkway",2000-11-15,srutherfoord2e@jigsy.com
87,Giles Hinkins,"11 Columbus Place",1994-09-25,cbygate2f@dell.com
88,Maudie Gonnard,"9693 Dottie Plaza",1993-09-28,clorrain2g@statcounter.com
89,Cris Newlands,"801 Arizona Center",1993-05-19,lmacenzy2h@cloudflare.com
90,Iosep Ferney,"4121 Hermina Crossing",1992-02-02,rbuckmaster2i@discovery.com
91,Cecil Siggens,"520 Burning Wood Trail",1998-08-11,amichelet2j@over-blog.com
92,Fitzgerald Wykey,"46 Ilene Place",1995-02-07,cinglesfield2k@army.mil
93,Koenraad Pitrelli,"11 Eagle Crest Terrace",1993-11-29,jodams2l@jugem.jp
94,Dannie Kennifick,"7 North Place",2002-12-03,hwatson2m@google.com
95,Tansy Giblin,"19329 Crescent Oaks Lane",1999-08-12,lgaskoin2n@virginia.edu
96,Jarret Carnell,"05627 Grasskamp Court",1995-11-15,ajallin2o@msn.com
97,Madelina Kmiec,"343 Park Meadow Street",1992-02-16,dpalphramand2p@alibaba.com
98,Lorilee McKennan,"190 Lunder Junction",1992-12-21,cbolland2q@ox.ac.uk
99,Jill Dallender,"569 Lukken Terrace",1995-11-30,jkrinks2r@abc.net.au
100,Jeniffer Vigar,"5228 Granby Avenue",1996-06-11,cpingstone2s@canalblog.com
101,Hilly Winslet,"16367 Monument Drive",1995-07-22,fdoreward2t@tuttocitta.it
102,Gabbie Rainford,"393 Becker Point",2002-03-21,hreggio2u@miibeian.gov.cn
103,Cheri Bartczak,"940 Superior Road",1995-10-07,atimson2v@tinyurl.com
104,Noelyn Bruford,"317 Jenna Crossing",1993-03-04,alambrecht2w@google.com
105,Albina Jessep,"44872 Pepper Wood Lane",1994-03-28,gscotchmer2x@joomla.org
106,Bryan Jaouen,"3431 Moulton Parkway",1995-07-24,aheal2y@163.com
107,Fifine Ryrie,"61 Shelley Center",1998-10-01,acocks2z@gravatar.com
108,Madelin Risdall,"87714 Marquette Drive",1992-02-28,lkillbey30@wiley.com
109,Henrik Van Castele,"725 Surrey Pass",1998-07-01,lauld31@histats.com
110,Latashia Slaght,"470 Dunning Lane",2000-12-24,dcoyish32@answers.com
111,Arnie Panting,"29393 Northland Circle",1995-09-13,cdunbobin33@cnet.com
112,Gamaliel Pietron,"45634 Crescent Oaks Way",2002-04-15,hwordington34@360.cn
113,Fannie Gannicleff,"6239 Lillian Center",1994-05-06,vblasoni35@ftc.gov
114,Koralle Bunker,"229 Forest Run Street",1990-01-08,mdanelut36@google.nl
115,Mallory Cabane,"48442 Crownhardt Way",1991-04-03,rpeter37@netlog.com
116,Tracy Bote,"664 Bonner Plaza",1992-01-17,hlanphier38@gravatar.com
117,Jenny Lindenbluth,"07325 Summit Way",1994-10-23,nibbett39@foxnews.com
118,Donielle Frensch,"115 Magdeline Drive",1996-11-05,tcosyns3a@hp.com
119,Tobe Garlett,"59015 Pleasure Road",2003-09-09,nfullom3b@auda.org.au
120,Lillian Jedrysik,"805 Cascade Avenue",1997-05-06,tkirdsch3c@senate.gov
121,Lynsey Neggrini,"41 Becker Alley",1998-12-19,csalling3d@dion.ne.jp
122,Kendrick Drillingcourt,"59806 Summer Ridge Terrace",1992-05-19,fdyott3e@biblegateway.com
123,Fayette Gyrgorwicx,"63 Boyd Crossing",2004-06-11,fdaleman3f@multiply.com
124,Shirleen Reef,"2444 Rigney Trail",2001-03-01,nbiesterfeld3g@illinois.edu
125,Allyce Hexum,"93 Moulton Street",1992-05-16,rbramstom3h@pbs.org
126,Seamus Hauger,"8313 Hayes Street",2000-04-25,kcourtney3i@aboutads.info
127,Pietra Scuse,"05489 Moulton Street",1991-07-28,mmateus3j@aboutads.info
128,Gilemette Morris,"065 Corscot Hill",2003-08-02,ukoschke3k@unicef.org
129,Caryl Van den Hof,"7 Tennyson Hill",1992-11-24,pheijnen3l@diigo.com
130,Leicester Scholard,"2666 Scofield Road",1998-03-27,mnutten3m@ihg.com
131,Nanci Corkel,"3 Mcbride Crossing",2004-10-17,bkeilloh3n@over-blog.com
132,Bent Asee,"991 Petterle Drive",2002-05-21,kbalsillie3o@wikia.com
133,Sim McCloid,"356 Lukken Street",1997-11-23,ybreissan3p@ed.gov
134,Koralle Doumer,"5213 Longview Hill",1993-07-02,clouisot3q@artisteer.com
135,Madge Morgan,"71 Homewood Pass",2004-03-10,tpointon3r@gmpg.org
136,Leanor Ferrelli,"6 Kedzie Drive",1997-10-02,alown3s@businesswire.com
137,Hedi Ayrs,"33919 Grim Way",1991-08-09,achalcot3t@amazon.co.jp
138,Cindie Wimpeney,"953 Pine View Street",1995-04-06,svitet3u@goo.gl
139,Karilynn Jozsef,"2097 Susan Junction",1993-08-16,kbergeau3v@ted.com
140,Loutitia Ingolotti,"9 Corscot Street",1996-09-25,qcoomber3w@icq.com
141,Madlin Stidever,"0 Aberg Alley",1993-01-21,mpiers3x@ovh.net
142,Clarie Jakeman,"04233 Sachs Court",1995-08-27,rduck3y@forbes.com
143,Lu Cleveley,"992 Arrowood Court",2001-02-16,tgeal3z@indiegogo.com
144,Baxter Rickis,"6 Ramsey Court",1990-05-20,esimacek40@so-net.ne.jp
145,Abagail Yter,"7274 Thackeray Avenue",1995-11-01,lferrierio41@alexa.com
146,Johannes Bartelot,"120 Kim Terrace",1997-08-19,pgame42@dailymail.co.uk
147,Ashien McGloughlin,"548 Clyde Gallagher Center",2003-05-14,agomme43@youku.com
148,Nefen Beert,"3568 Arapahoe Point",1998-10-11,oleguay44@cpanel.net
149,Waldo Eouzan,"8096 Talisman Center",1995-10-13,adecayette45@amazonaws.com
150,Margit Greed,"358 Anhalt Avenue",1995-01-27,pbewlay46@google.com.hk
151,Sonnie Giamelli,"9745 Warner Avenue",2000-05-03,lle47@ucla.edu
152,Lexis Thoresbie,"3165 Londonderry Lane",2001-12-27,mscurrer48@google.de
153,Pooh Cassedy,"47171 Norway Maple Pass",2004-01-07,dbruyett49@tinypic.com
154,Corrine Hearl,"732 Becker Way",1992-04-12,bsadlier4a@sohu.com
155,Ted Baurerich,"9 Autumn Leaf Avenue",1997-11-02,tdaenen4b@go.com
156,Sorcha Sergant,"3 Hollow Ridge Court",1999-01-28,fmclugish4c@army.mil
157,Darill Hearse,"46 Larry Court",1994-09-16,cburgh4d@flickr.com
158,Beau Parnell,"61 Westerfield Trail",2002-06-11,aboyland4e@slate.com
159,Benedetto Czajka,"07540 Jackson Crossing",1990-08-16,rkelwick4f@timesonline.co.uk
160,Robbert Muckeen,"70 Fisk Park",1996-09-05,slorkin4g@wsj.com
161,Elvira Blasl,"6 American Park",1996-07-24,uliversedge4h@mediafire.com
162,Karlotte Giral,"70743 Canary Drive",2000-04-03,bgourlay4i@columbia.edu
163,Izzy Carlyon,"1 Randy Junction",1994-01-26,cferrea4j@instagram.com
164,Lionello Bockman,"83 Mendota Drive",2002-01-07,tgroarty4k@apple.com
165,Juana Maden,"71 Old Gate Court",2002-01-24,rdurand4l@godaddy.com
166,Aguistin Galier,"568 Briar Crest Pass",2004-05-23,gmcinteer4m@rakuten.co.jp
167,Joseito Franzolini,"5012 Russell Hill",1997-08-16,odalziel4n@privacy.gov.au
168,Ettie Reef,"304 6th Center",1997-04-27,cthewless4o@ifeng.com
169,Clint Mehaffey,"94882 Pine View Park",2004-03-15,amcgarrahan4p@cbslocal.com
170,Redd Gamet,"6 Nova Court",1990-04-23,flavens4q@ucla.edu
171,Lorant Hawson,"462 Coolidge Parkway",1997-04-13,gfidilis4r@amazon.com
172,Branden Dusey,"37951 Garrison Way",2002-11-04,ztynan4s@rakuten.co.jp
173,Lamar Dozdill,"7338 Fulton Avenue",1997-09-25,gbaroch4t@psu.edu
174,Aile McSkin,"7 Del Sol Parkway",2002-08-15,rnewing4u@comcast.net
175,Marget De Bellis,"94622 Corscot Place",2003-02-27,mcanfer4v@xrea.com
176,Kerby Sheilds,"3 Petterle Drive",1997-12-04,fgofforth4w@eventbrite.com
177,Sonnie Dennehy,"3524 Bunting Hill",1992-09-30,labley4x@zdnet.com
178,Traci Raynham,"5414 La Follette Terrace",1995-08-21,rrallin4y@123-reg.co.uk
179,Solly Lingard,"4 Harbort Drive",2003-05-07,telliker4z@alexa.com
180,Skipp Dugmore,"6367 Moose Way",1999-03-12,thewins50@godaddy.com
181,Gabriell Jozwiak,"99 Manitowish Pass",2004-09-26,etinmouth51@privacy.gov.au
182,Winny Deveril,"12083 Bartillon Street",1999-06-03,masey52@desdev.cn
183,Sabrina Ledekker,"8053 Upham Crossing",1992-11-22,rswanne53@multiply.com
184,Feodor Willcock,"22474 Havey Place",1996-04-17,bbewick54@simplemachines.org
185,Hortensia Polle,"58161 Fuller Plaza",1995-03-03,pduncklee55@storify.com
186,Abby Berrecloth,"45 Graedel Court",1990-03-30,cbuddleigh56@hud.gov
187,Tripp Kaplan,"833 Huxley Plaza",1992-11-10,upenreth57@elpais.com
188,Edna Rushbrooke,"3 Elgar Lane",2000-09-21,jcharlwood58@edublogs.org
189,Susanetta Dimmer,"2536 Upham Trail",1997-09-18,lspoward59@hao123.com
190,Cathe Woodus,"909 Brentwood Drive",1998-04-06,egallop5a@icq.com
191,Marj Brothwood,"67067 Katie Point",1995-03-13,ckingswood5b@diigo.com
192,Katherine Dearn,"4704 Logan Center",1999-10-05,bbuten5c@tripod.com
193,Eduardo Parks,"8474 Sommers Park",1994-06-26,slatchford5d@wunderground.com
194,Yvor Watton,"2 Hollow Ridge Way",2002-12-04,ashearston5e@google.com.au
195,Nicola Hugonneau,"7814 Northwestern Court",1993-07-31,jtimothy5f@patch.com
196,Sargent Acey,"73 Old Gate Junction",1992-09-15,ahartropp5g@businessweek.com
197,Balduin Cartmill,"686 Buell Alley",1994-05-05,nlevane5h@samsung.com
198,Lucienne Jiggins,"568 Magdeline Court",1998-12-09,tbradbury5i@globo.com
199,Wilbert Avesque,"0 Cambridge Crossing",1999-12-10,edobkin5j@blogger.com
200,Rudd Reymers,"890 Southridge Lane",2000-12-03,aoakwood5k@marriott.com
201,Hildagard Southerton,"0 Evergreen Trail",2001-06-01,meldrett5l@dmoz.org
202,Leslie Townby,"2 Laurel Court",1999-09-16,sgytesham5m@reverbnation.com
203,Beale Human,"6 Oak Crossing",1992-06-15,itrayhorn5n@google.pl
204,Damon Rees,"521 Colorado Place",2003-08-31,mraiment5o@buzzfeed.com
205,Klement Jacks,"201 Scoville Way",1998-03-23,hmachon5p@posterous.com
206,Gillie Cahillane,"0 Mallard Drive",1990-09-07,rruddock5q@yellowbook.com
207,Tara Feaveryear,"799 Mockingbird Plaza",1991-12-03,nbirkby5r@yale.edu
208,Jerry Lantoph,"7125 Fairfield Street",1994-08-04,lvasey5s@fc2.com
209,Dunstan Snoddon,"59 Cottonwood Avenue",1998-11-20,ccardno5t@cdbaby.com
210,La verne Vowells,"36 Homewood Center",2000-03-21,bbuckle5u@theguardian.com
211,Chas Walby,"95 South Terrace",2002-02-03,apicken5v@woothemes.com
212,Norma Dibsdale,"76 Pepper Wood Court",2002-03-28,rhandmore5w@behance.net
213,Robert Chadbourn,"84574 Rusk Park",2000-10-19,dpetyt5x@cornell.edu
214,Andree Kinlock,"53103 Melody Road",1996-10-16,agoneau5y@latimes.com
215,Sheena Lubman,"5689 Hazelcrest Road",1998-05-09,tbeany5z@mapquest.com
216,Monika Presnell,"771 Colorado Junction",2002-11-13,abauer60@amazon.co.jp
217,Myrah Marder,"579 Sachtjen Junction",2000-12-27,gshilstone61@tumblr.com
218,Lucina Thonason,"160 Welch Road",2004-01-15,fmackonochie62@stanford.edu
219,Mohandas Starmont,"43 Artisan Drive",1998-07-25,dbompass63@blogger.com
220,Leese Weeks,"74394 Sundown Road",2000-11-25,fsteeden64@nsw.gov.au
221,Nealy Vanin,"79 Sugar Junction",1993-05-20,bbote65@sogou.com
222,Glynda Ravenshaw,"52466 Debra Street",1994-08-22,cilyinykh66@blogger.com
223,Sibyl Colomb,"06613 Forster Avenue",2000-09-25,pwink67@xinhuanet.com
224,Muhammad Fellows,"971 Merry Alley",2002-08-28,cplank68@merriam-webster.com
225,Terrel Hemmingway,"35 Novick Road",1999-04-07,cmccroary69@miitbeian.gov.cn
226,Larisa Banbury,"04 6th Crossing",1993-11-16,mrizzini6a@1688.com
227,Leif Wytchard,"64 Schlimgen Parkway",2000-05-04,nfayerbrother6b@barnesandnoble.com
228,Wernher Kinnon,"17 Stang Junction",2003-09-11,ceatherton6c@linkedin.com
229,Merrick Axford,"7 Parkside Avenue",1991-05-17,gconti6d@1688.com
230,Dene Persian,"22 Hayes Street",2003-03-22,skave6e@4shared.com
231,Aguste Vanini,"97521 Banding Road",2000-04-23,rletterese6f@google.ca
232,Ardyce Gilliard,"6231 Fairfield Crossing",1991-10-15,tshalliker6g@lycos.com
233,Alfonse Dandison,"94 Thackeray Place",1998-07-02,ajonin6h@amazon.co.jp
234,Dael Jaqueme,"1 Green Place",1992-01-28,ccuthbertson6i@reverbnation.com
235,Ev Koomar,"45 Clarendon Lane",1996-04-20,hamsden6j@buzzfeed.com
236,Link Broddle,"46151 Ridgeway Street",1995-09-23,wstanworth6k@gnu.org
237,Roch Chapleo,"0 Melrose Circle",1993-09-12,odavioud6l@cisco.com
238,Abdel Eaglesham,"684 Mccormick Avenue",1993-11-14,ptomlinson6m@wunderground.com
239,Ruprecht Rittmeyer,"8 Northland Circle",1994-06-13,oromayn6n@mashable.com
240,Klarika Bridgestock,"8 Hauk Drive",1998-08-22,wleonarde6o@ibm.com
241,Chico Castanares,"7214 Dottie Junction",2002-04-10,dmattedi6p@hud.gov
242,Berny Bostock,"2 Surrey Way",1998-04-19,fambrozewicz6q@census.gov
243,Angelica Griss,"2815 Stang Hill",2003-09-01,leastwell6r@360.cn
244,Erika Blackman,"13084 Bultman Center",1999-02-22,sloeber6s@hatena.ne.jp
245,Waite McDougall,"754 Sycamore Street",2002-02-02,cboerderman6t@nature.com
246,Jerad Reggiani,"08190 Gateway Avenue",2000-09-07,kslate6u@pagesperso-orange.fr
247,Rog Briant,"5817 Forest Dale Point",1999-07-03,mlindholm6v@indiatimes.com
248,Laurena Linford,"977 Towne Road",1992-10-24,asexon6w@bigcartel.com
249,Prince Wyke,"35389 Walton Road",2004-01-21,rderks6x@imgur.com
250,Rebecka Gwynn,"54174 Ronald Regan Hill",2001-07-21,jdunaway6y@instagram.com
251,Krishnah Edgeller,"7 Bartelt Way",2003-10-06,cartist6z@prweb.com
252,Emmerich Sparkwill,"3215 Washington Drive",1993-06-18,bgandar70@issuu.com
253,Fredia Thundercliffe,"3669 Elgar Hill",2004-01-30,dbrocklebank71@state.gov
254,Winnifred Weatherill,"7365 Portage Alley",1997-10-05,rrippen72@symantec.com
255,Gianina Warlow,"21 Hoffman Plaza",1990-08-19,ldutton73@smh.com.au
256,Harlene Chiswell,"35 7th Center",1991-03-03,mgatlin74@reference.com
257,Aloise Forty,"95777 Crest Line Place",1997-09-05,estemson75@nytimes.com
258,Aprilette Dumbell,"731 Clarendon Alley",1996-01-24,ugissop76@qq.com
259,Alayne Petrasso,"1 Loeprich Pass",1993-05-24,kshewry77@loc.gov
260,Cyndia Pancoust,"93115 Melrose Junction",1991-11-11,hwitcombe78@mediafire.com
261,Felita McGhee,"67 Village Crossing",1996-08-26,sjesty79@apple.com
262,Robinet Morena,"3899 Magdeline Crossing",2002-08-24,cwhapples7a@alexa.com
263,Karlis Fosten,"8768 Troy Avenue",1998-03-05,amuscat7b@google.com.au
264,Hatty Grills,"58572 Algoma Avenue",1996-04-28,vgalliford7c@wunderground.com
265,Mack Eynald,"64367 Rusk Trail",1990-10-09,rliver7d@eepurl.com
266,Darline Jacqueminet,"41 Wayridge Street",1998-06-30,hboath7e@trellian.com
267,Josselyn Hadleigh,"2 Riverside Way",2004-02-02,fmarcoolyn7f@rediff.com
268,Ursulina Gentric,"4739 Oriole Terrace",1998-06-19,aabbado7g@google.es
269,Joellyn Pawnsford,"508 Carey Way",1991-12-16,lsein7h@unicef.org
270,Deonne Vesque,"942 Loomis Court",1998-10-08,amallinder7i@last.fm
271,Audry Rydings,"654 Golden Leaf Trail",1995-12-27,lmitchell7j@quantcast.com
272,Blisse Bickerton,"92003 Buena Vista Avenue",2002-02-06,htremoille7k@harvard.edu
273,Evyn Fauning,"90713 Warbler Plaza",2002-04-17,agammons7l@people.com.cn
274,Chrissie Preshaw,"07889 Annamark Circle",2004-08-27,mcrowch7m@csmonitor.com
275,Giorgi Ridolfi,"45 Northport Crossing",2003-06-06,rdeval7n@microsoft.com
276,Freedman Hamblin,"954 Longview Park",1993-07-07,bmcquarrie7o@google.co.jp
277,Allene Lockhurst,"389 Declaration Park",1990-02-14,mcavan7p@princeton.edu
278,Malorie Buggy,"289 Coleman Avenue",1995-05-29,kpinnegar7q@php.net
279,Theresa Elam,"1 Briar Crest Place",2003-02-07,kegel7r@soundcloud.com
280,Baird Yosifov,"46163 Sycamore Way",1995-01-12,dtuther7s@ed.gov
281,Scott Hinckesman,"12687 Lyons Lane",1993-12-12,tackers7t@chronoengine.com
282,Archy Littleover,"452 Evergreen Hill",1993-09-04,kskaife7u@ovh.net
283,Ira Garman,"37 Sheridan Way",2000-01-16,ecarney7v@360.cn
284,Jacquetta Haversum,"9326 Melvin Hill",1995-02-11,rdicky7w@amazon.co.uk
285,Emelen Stamps,"17 Texas Avenue",1992-11-28,mpounder7x@virginia.edu
286,Roderigo Guitonneau,"87 Saint Paul Junction",1995-05-20,blowless7y@theguardian.com
287,Gregorio Beddard,"13 Warrior Circle",2000-11-26,jkiltie7z@scribd.com
288,Pebrook Falck,"54685 Melby Park",1994-09-04,mtousy80@cnbc.com
289,Hanna Birkenhead,"55850 Killdeer Junction",2000-06-10,opalfreyman81@sfgate.com
290,Raddy Caddies,"48 Welch Plaza",2001-05-15,gpacey82@jimdo.com
291,Corbin Stentiford,"1333 Magdeline Crossing",1993-11-22,gprys83@youtube.com
292,Paolina Bernli,"847 Sherman Point",1997-11-16,ebasant84@springer.com
293,Deonne Dowears,"2 Heath Hill",1997-04-01,erigge85@pcworld.com
294,Camella Tidbold,"52 Anzinger Avenue",1999-12-06,twillerstone86@ihg.com
295,Talya Hairsine,"9806 Kinsman Junction",1990-05-27,slongstaffe87@digg.com
296,Marie-jeanne Ansteys,"8132 Delaware Terrace",1993-02-26,eshugg88@cnet.com
297,Reeva Grantham,"048 Sunfield Junction",2004-05-14,mwescott89@yellowpages.com
298,Clyde Olivelli,"991 Riverside Center",2002-10-22,sfairfoot8a@elpais.com
299,Trumaine Pacey,"9348 Beilfuss Trail",1993-08-11,mheinert8b@yahoo.com
300,Alaster Simonato,"19256 Mayer Point",1993-01-15,cfranklyn8c@123-reg.co.uk
301,Haslett Candey,"25886 Ramsey Trail",2001-07-23,abyatt8d@cdbaby.com
302,Gayleen Toller,"39 Dryden Alley",1995-12-09,oberzen8e@mediafire.com
303,Genia Frank,"86972 Kings Parkway",2001-11-15,anutman8f@etsy.com
304,Leila Mackrell,"229 Norway Maple Court",2003-03-02,amccann8g@wired.com
305,Nevins Lill,"712 Burning Wood Place",2000-03-12,corourke8h@nature.com
306,Ortensia Sartain,"503 Vahlen Avenue",2000-03-08,mmilillo8i@twitter.com
307,Penrod McKendo,"8 Crescent Oaks Parkway",2002-11-05,hbirrel8j@baidu.com
308,Nari Gavan,"13646 Westridge Point",1999-06-24,clearmonth8k@apache.org
309,Ursulina Alexandersson,"97892 Summer Ridge Avenue",1993-12-30,avalenti8l@smugmug.com
310,Patty Carroll,"94 Warbler Place",1996-10-25,ejillins8m@loc.gov
311,Lulita Burt,"801 Thackeray Point",2000-03-28,gcurror8n@biglobe.ne.jp
312,Velvet Lillo,"12 Carey Way",1995-08-30,msutlieff8o@privacy.gov.au
313,Karen Jendrassik,"91 Corben Junction",2002-08-02,cdelany8p@comsenz.com
314,Myles Croad,"5057 Lighthouse Bay Plaza",1998-12-15,wbarbisch8q@ihg.com
315,Kip Lampkin,"14 Atwood Terrace",1997-11-03,fclemson8r@hugedomains.com
316,Diena Inchan,"22692 Moland Junction",1993-02-03,avidler8s@github.io
317,Friederike Pedrollo,"263 Derek Circle",1998-02-07,psanbrook8t@delicious.com
318,Pernell Eckert,"7 Shasta Alley",2000-01-01,ssimnel8u@moonfruit.com
319,Vi Fender,"4912 Warbler Lane",2002-07-29,fdutnell8v@macromedia.com
320,Golda Duckels,"9760 Fisk Road",1994-05-19,bbeveredge8w@chronoengine.com
321,Melita Botte,"954 Bluejay Drive",2001-12-23,mphilbrook8x@mapy.cz
322,Carina Avent,"7471 Golf Alley",1996-11-25,lmackrill8y@nytimes.com
323,Kimball Gleeson,"74 Fremont Drive",1998-07-09,zbourgour8z@earthlink.net
324,Chandra Sorton,"36776 Mosinee Place",1990-04-11,lniccols90@cpanel.net
325,Price Awty,"61 Manufacturers Road",1998-05-23,gkingsland91@nasa.gov
326,Kayne Clace,"5959 Almo Drive",2004-08-17,abenfield92@state.tx.us
327,Kandace Kisar,"48 Lotheville Place",2000-11-08,cmonk93@stanford.edu
328,Normy Silman,"103 Tennessee Trail",2004-06-26,rkelshaw94@google.fr
329,Livvie Guinn,"50 Towne Alley",1999-01-29,mletten95@slate.com
330,Hughie McKew,"0842 Sommers Park",1990-12-21,edaviddi96@sitemeter.com
331,Paton Windham,"4 Larry Parkway",2002-06-15,bkittel97@nsw.gov.au
332,Armand Wooton,"68806 Saint Paul Plaza",1997-07-31,bfirebrace98@plala.or.jp
333,Tony Cicchinelli,"7845 Sherman Hill",1995-07-04,dfayerbrother99@nytimes.com
334,Naomi Le Grove,"0891 Carioca Crossing",1991-01-23,dburnand9a@wsj.com
335,Johnathon Robjant,"94 Northfield Alley",1993-02-23,aoggers9b@oaic.gov.au
336,Kendra Elwill,"37 Pine View Plaza",1997-01-10,nledur9c@unicef.org
337,Goraud Beadnell,"473 Main Center",1998-04-18,ast9d@china.com.cn
338,Kerrie Thorsen,"09143 Morningstar Street",1992-03-11,cfallowfield9e@so-net.ne.jp
339,Dex Siemons,"330 Commercial Trail",2000-06-17,cgillingwater9f@topsy.com
340,Moe Bartrap,"90329 Ridge Oak Lane",2001-03-14,sgillimgham9g@unicef.org
341,Fabian Duxbarry,"1 Bartillon Court",1992-04-01,bschade9h@godaddy.com
342,Prince Pidon,"23 Anderson Lane",2003-06-19,afenwick9i@sina.com.cn
343,Waylan Clutterham,"981 Brown Court",2004-07-22,lselley9j@nature.com
344,Diane Etty,"2 Express Trail",1993-08-17,kbelford9k@multiply.com
345,Portia Dufton,"00 Upham Circle",1999-05-20,oscranney9l@hexun.com
346,Gerda Mines,"34222 Mayer Street",1996-02-28,bboncore9m@bizjournals.com
347,Aube Dobbinson,"73 Bultman Court",2000-10-02,fradbond9n@artisteer.com
348,Mervin Adaway,"31 Schurz Circle",1990-04-26,nfarryan9o@bloglovin.com
349,Pernell Eallis,"13 Oak Valley Street",2002-02-26,grawsthorne9p@theatlantic.com
350,Noellyn Hammell,"27 Ridge Oak Street",1997-10-15,fmcimmie9q@wsj.com
351,Peggie St Louis,"0 Blackbird Trail",2002-08-09,aduffett9r@jugem.jp
352,Emlyn Monro,"452 Knutson Pass",2003-12-03,rmcculley9s@istockphoto.com
353,Orbadiah Bolsover,"2 Elmside Crossing",2001-10-16,mverzey9t@forbes.com
354,Myrah Harbard,"9 Nelson Plaza",2003-05-21,bsouthway9u@amazon.de
355,Timoteo Dumbelton,"07625 Union Plaza",1994-06-03,brollingson9v@reference.com
356,Adelaida Burgum,"51 Mifflin Park",1990-10-17,lmcmorland9w@gnu.org
357,Stacey Ebenezer,"14918 Sommers Hill",1992-01-25,oleeuwerink9x@wp.com
358,Thekla Pennazzi,"92 Sachs Pass",2001-11-02,amallock9y@myspace.com
359,Cecily Nono,"059 Fordem Plaza",2001-10-29,tburk9z@github.io
360,Rhianon Twining,"34 Maple Wood Crossing",1998-03-29,htrittama0@ebay.co.uk
361,Germaine Wadmore,"28 Parkside Avenue",1995-02-04,aburchalla1@gmpg.org
362,Nicolea Penny,"928 Prairie Rose Road",2000-07-30,rbackesa2@comsenz.com
363,Riannon Garza,"754 Sycamore Parkway",1992-06-25,aleyninyea3@berkeley.edu
364,Antone Alfonso,"16297 Fairview Lane",2003-05-08,aryalla4@altervista.org
365,Donnamarie Cescotti,"9133 Banding Drive",1999-07-11,hlowea5@reference.com
366,Oliy Revie,"5 Jay Trail",1995-01-13,aedgera6@columbia.edu
367,Anderea Oxterby,"9416 Porter Park",1998-04-30,ftabouriera7@addthis.com
368,Alastair Godehard.sf,"9066 Lakeland Trail",2004-03-03,amocklera8@dailymail.co.uk
369,Karoly Eyers,"9 Waubesa Crossing",2002-09-14,wbrauntera9@reddit.com
370,Pepillo Mouse,"06658 Dottie Junction",1998-05-01,edemicoliaa@psu.edu
371,Clareta Vasiliu,"9 Myrtle Plaza",2000-09-16,vharrowellab@arizona.edu
372,Aurlie Bridgestock,"1930 Bartillon Street",2000-03-05,pduddellac@about.me
373,Sean Tuffey,"3 Elgar Park",2004-02-01,sackersad@apache.org
374,Jan Yushachkov,"42447 Crowley Street",1997-01-13,tthridgouldae@indiegogo.com
375,Ricoriki Bannard,"8 Summer Ridge Plaza",2003-05-18,gangusaf@bbc.co.uk
376,Elly Connett,"87936 Prairieview Plaza",1995-10-11,jschaumannag@blogger.com
377,Kingsly Gauld,"400 Graedel Parkway",2000-07-29,sclemontsah@wired.com
378,Lynnette Swatradge,"772 Dryden Alley",1999-11-07,dpoundesfordai@mozilla.org
379,Shoshana Figiovanni,"31 Hauk Street",1997-12-14,sgeaneyaj@harvard.edu
380,Clemmie Tesseyman,"29524 Blackbird Alley",1991-04-14,jhemberyak@desdev.cn
381,Tandie Mainson,"1733 Mayer Terrace",2002-10-01,kgabbatal@opera.com
382,Niven Rayworth,"537 Northridge Hill",2003-10-26,emilam@ifeng.com
383,Benoite Osmant,"84 Melrose Pass",1992-12-04,clindwallan@quantcast.com
384,Rita Stenton,"6 Straubel Avenue",1990-05-12,osmallmanao@multiply.com
385,Giulio Cottill,"9953 Eastwood Crossing",1997-07-29,pjuleffap@squidoo.com
386,Clo Prendeguest,"2569 Ruskin Hill",1993-11-19,vcubittaq@tuttocitta.it
387,Uriah O'Garmen,"96 American Road",1995-04-07,mduckar@telegraph.co.uk
388,Beaufort Totterdell,"9 Mayfield Center",1993-02-01,atradewellas@google.de
389,Hayden Diaper,"30969 Havey Hill",1993-09-20,gargabriteat@boston.com
390,Lilia Gotcliff,"44311 Eggendart Trail",2000-10-21,rofeenyau@tripadvisor.com
391,Lois Ortsmann,"32 Golf Crossing",2002-07-16,mgilchrestav@answers.com
392,Hewitt Sayle,"01978 Manufacturers Way",2000-08-15,dbuckleyaw@goo.gl
393,Niki Linder,"7 Corry Street",1993-12-09,adaniellotax@51.la
394,Othilia Cramphorn,"476 Tennessee Drive",1990-10-22,lmcgonigleay@boston.com
395,Taryn Ludwell,"8 Bellgrove Place",1999-08-15,gjirakaz@a8.net
396,Gabi Greber,"4 David Street",1994-11-02,hdanatb0@4shared.com
397,Dirk Halbard,"13779 Farragut Plaza",1998-06-15,alyttleb1@wired.com
398,Almeta Jenicke,"6 Kedzie Crossing",1991-12-13,bfransinellib2@apache.org
399,Charmion Ximenez,"649 Pine View Terrace",2002-02-01,lmcmeylerb3@xing.com
400,Monti Swindles,"82 Maple Wood Trail",1990-09-01,rkehirb4@behance.net
401,Rania Girhard,"6 Tomscot Trail",2000-08-05,astycheb5@mapy.cz
402,Row Robelin,"12615 Luster Trail",2003-01-21,rbuzzab6@nydailynews.com
403,Parker Kentish,"92695 Scott Street",1994-11-25,mwhitewoodb7@spotify.com
404,Sholom Colley,"93 Meadow Ridge Crossing",1997-07-27,cbromigeb8@berkeley.edu
405,Carolee Guntrip,"873 Pierstorff Court",1996-02-17,kporsonb9@bigcartel.com
406,Terrill Goshawke,"18 Victoria Point",1991-02-11,skalinkeba@merriam-webster.com
407,Eloisa Haberjam,"41 Novick Terrace",2001-07-01,wrowsellbb@sciencedaily.com
408,Korry Fortnon,"48525 Vermont Center",2004-11-15,aviegasbc@indiatimes.com
409,Daryn Shimon,"5 Chinook Terrace",1996-11-10,kpercevalbd@samsung.com
410,Bing Taggerty,"040 Becker Alley",2003-10-20,gfooksbe@webs.com
411,Geoff Anthoney,"1 Shasta Alley",1996-03-21,ekeighleybf@mail.ru
412,Lethia Costan,"32574 Jenna Alley",2004-05-13,vcullitybg@google.co.jp
413,Blaine Kaas,"52430 Gulseth Street",2002-12-30,scowlinbh@cmu.edu
414,Tandy Lough,"82357 Northland Junction",1995-04-10,aartisbi@feedburner.com
415,Hadria Mccaull,"499 Lerdahl Center",1991-11-03,aambresinbj@npr.org
416,Pierrette Twort,"6 Prairieview Circle",1998-12-13,scastletinebk@usda.gov
417,Randi Farnfield,"4188 Goodland Road",1997-03-04,kjamiesonbl@cisco.com
418,Glori Geerits,"07 Hooker Crossing",1999-03-07,jhinksbm@reddit.com
419,Melina Gentric,"887 Maywood Terrace",2001-05-12,dmecchibn@auda.org.au
420,Umeko Millimoe,"5 Moose Terrace",1993-12-25,jblossbo@over-blog.com
421,Ker Yoselevitch,"16 Pearson Lane",2004-01-01,amcbp@oaic.gov.au
422,Leta Sindell,"089 Thierer Pass",2003-04-08,acastilljobq@ebay.co.uk
423,Adrien Cuss,"00 Comanche Terrace",1999-07-21,lvreibergbr@nasa.gov
424,Cortie Flatt,"57 Dwight Court",1991-08-19,cohrtbs@blogspot.com
425,Dallas Cottam,"7558 Sugar Street",2001-01-20,gdrinkhillbt@sina.com.cn
426,Melisande Donnelly,"06105 Fallview Plaza",1990-02-16,cthomasonbu@nydailynews.com
427,Woodman Doyley,"07 Dawn Avenue",1997-11-20,bleesonbv@alexa.com
428,Mattie Corton,"8 Superior Crossing",1996-08-11,abainesbw@pagesperso-orange.fr
429,Izak M'Quhan,"4 Briar Crest Way",1994-10-17,sheardbx@apple.com
430,Jemima Ambroix,"1 Columbus Junction",1997-01-14,glehrleby@i2i.jp
431,Kennie Cherry,"6 Vidon Center",1995-05-24,kfilisovbz@github.io
432,Ulrika Leil,"08 Steensland Junction",1994-03-26,kleac0@scientificamerican.com
433,Joaquin Flaunders,"496 Alpine Junction",2001-10-30,snorthidgec1@businessinsider.com
434,Tally McClelland,"57 Columbus Alley",2000-09-15,eposkittc2@istockphoto.com
435,Isobel Usborn,"97 Di Loreto Crossing",1998-09-14,rsifflettc3@prnewswire.com
436,Rourke Deeley,"6644 Gulseth Circle",1994-09-26,hheinerc4@wsj.com
437,Davon Gaffer,"46 Hollow Ridge Terrace",1997-10-24,gweepersc5@kickstarter.com
438,Chucho Leivesley,"7674 Helena Court",1998-12-09,tcoramc6@barnesandnoble.com
439,Nero Grievson,"2024 Hayes Road",1995-04-07,cdearingc7@paypal.com
440,Carmine Jeff,"122 Arrowood Plaza",1999-05-31,ndagnallc8@omniture.com
441,Esme Jedrzejczak,"05117 Delladonna Avenue",2003-11-16,dgiffordc9@storify.com
442,Rubetta Pipet,"19 Spohn Circle",2000-07-10,ldelgadilloca@netscape.com
443,Madelina O'Corhane,"92 Green Point",1996-10-23,ygowlandcb@hud.gov
444,Cherilynn Shattock,"0810 Old Gate Road",1995-12-11,pmcelanecc@yellowbook.com
445,Salem Garrand,"34 Express Crossing",1995-03-14,mlidgardcd@unicef.org
446,Samson Osgar,"62 Killdeer Circle",1999-06-01,scodronce@yahoo.com
447,Emery Jeays,"00 Becker Crossing",1997-05-22,kvineycf@phpbb.com
448,Amalita Gitsham,"97784 Hallows Avenue",1992-10-22,batwoolcg@squarespace.com
449,Kenon Durek,"96 Eastlawn Place",2004-02-12,nmcquarterch@geocities.com
450,Lorry Prudence,"6 Carioca Street",1995-03-13,aleafeci@chicagotribune.com
451,Ashton Blackhall,"48412 Lukken Alley",1992-03-13,rivorycj@addthis.com
452,Maxim Millhouse,"43215 Butternut Alley",1999-04-11,linnesck@paginegialle.it
453,Siffre Charlet,"1 Little Fleur Junction",1996-07-10,hwhiteleycl@mapquest.com
454,Mathew Giuroni,"759 Sherman Plaza",1994-05-26,idarkercm@techcrunch.com
455,Rhett Whoston,"53611 Acker Park",1993-02-07,cfarlambecn@goodreads.com
456,Amy MacPaik,"02 Hallows Plaza",2002-11-27,ltrainorco@amazon.de
457,Goldy Liggens,"4 Corben Point",2000-10-13,echungcp@japanpost.jp
458,Dodie Dofty,"69 Rusk Junction",2001-04-30,ashuardcq@gov.uk
459,Oby Cleft,"3521 Reindahl Lane",2000-04-28,cvancr@hao123.com
460,Ware Andrus,"83522 Valley Edge Point",2004-11-12,khallyburtoncs@i2i.jp
461,Fergus McGeagh,"61690 Brickson Park Court",1993-04-30,zperschkect@barnesandnoble.com
462,Janka Moehler,"30 Moulton Trail",1995-11-12,dbernardoscu@stumbleupon.com
463,Modesty Draayer,"2 Forster Trail",2001-11-25,gcroomcv@behance.net
464,Lizette Slimme,"35339 Roth Terrace",1994-11-16,paugustinecw@salon.com
465,Nikita Duffyn,"9 Loomis Circle",1997-11-19,vmurtcx@uol.com.br
466,Modesty Picheford,"194 Saint Paul Center",1995-08-07,ksherebrookecy@ed.gov
467,Vince Storck,"26 Lotheville Crossing",1995-09-19,scambridgecz@ebay.com
468,Farrel Brendish,"091 Mallard Parkway",2004-12-21,vwyldbored0@dell.com
469,Lanie Josiah,"7538 International Junction",2000-03-24,vmccartd1@nih.gov
470,Winston Dunbabin,"1 Fisk Point",2000-09-20,dgarmentd2@google.cn
471,Avril Padefield,"530 Springview Lane",1994-12-30,droyald3@nhs.uk
472,Emiline Briand,"23 Ohio Trail",2004-07-19,jmckagued4@shop-pro.jp
473,Raymond Camilletti,"9 Cardinal Court",1995-07-22,mlongfootd5@ca.gov
474,Vallie Bellson,"38200 Sachs Avenue",1990-09-14,dpalferyd6@chron.com
475,Westbrooke Simpson,"22159 Moulton Crossing",1998-10-23,lmathiesond7@howstuffworks.com
476,Christophorus Guyon,"9 Petterle Circle",1997-05-14,mod8@statcounter.com
477,Trstram Cullen,"991 Logan Circle",1995-09-16,atweend9@ezinearticles.com
478,Erda Cheston,"59824 Swallow Crossing",1999-02-07,hpaulischda@meetup.com
479,Angelo Vigars,"124 Bluejay Road",1991-01-15,kolenechandb@loc.gov
480,Allianora Staniford,"81567 Roxbury Center",2001-06-16,dbickleydc@cnbc.com
481,Jimmy Bagster,"362 Hagan Lane",1994-04-26,adakhnodd@about.me
482,Lexie Farress,"3115 Warner Parkway",1990-03-11,ggillsonde@imdb.com
483,Haydon Ardy,"131 Derek Alley",2004-03-03,sbailissdf@cyberchimps.com
484,Lisle Weightman,"40414 Havey Drive",2003-06-03,arozdg@hp.com
485,Prince Pucknell,"136 Banding Point",2002-02-20,vblucherdh@sohu.com
486,Lemmie Judge,"73 Waxwing Street",1992-04-20,bthurleydi@abc.net.au
487,Reece Quartley,"06 Helena Hill",2001-08-25,cmorrisseydj@upenn.edu
488,Augustin Smythe,"9737 Bayside Park",2000-07-10,jsheahandk@cmu.edu
489,Kimmie Lecount,"937 Clyde Gallagher Circle",1994-07-19,hkindleydl@lycos.com
490,Mallorie Richens,"5 Schlimgen Crossing",1991-08-08,tkelwickdm@blinklist.com
491,Eadith Pozer,"064 Merrick Crossing",1992-04-29,hdornindn@mozilla.org
492,Brittne Dartnell,"21755 Orin Plaza",1990-08-18,gshaplindo@cisco.com
493,Tyrone Rennolds,"40 Sachs Street",2004-09-23,moclearydp@weather.com
494,Etheline Bartoloma,"5 Schmedeman Center",1992-06-02,tsuffedq@businessinsider.com
495,Wallis Sloane,"8322 Sunnyside Drive",2004-01-19,galabastardr@privacy.gov.au
496,Dwain Largent,"1039 Riverside Lane",1994-01-09,mhuginds@slate.com
497,Alina Vigietti,"637 Parkside Road",1998-06-25,jglasermandt@thetimes.co.uk
498,Roch McQuilliam,"132 South Crossing",1993-06-21,troloffdu@boston.com
499,Derron Tixier,"208 Bunting Alley",1997-02-16,kcholomindv@ning.com
500,Neils Olney,"2316 Donald Drive",1994-02-27,fwardsdw@soundcloud.com
501,Carlee Rideout,"9534 Sachs Drive",2000-02-13,bkinsleydx@tinypic.com
502,Ekaterina Blencowe,"27 Manley Alley",1996-12-03,gabrahmovicidy@google.es
503,Gallard Daniells,"65 Kensington Pass",1997-03-27,tloaddz@163.com
504,Evelina Just,"532 Banding Hill",1999-05-13,sdawtree0@java.com
505,Alano Farlane,"79 Memorial Terrace",2001-09-23,hhulmese1@craigslist.org
506,Betta McPhate,"04 Crest Line Street",1994-11-20,sallmarke2@w3.org
507,Gil Howsego,"842 6th Drive",1996-10-01,mgabitise3@ucsd.edu
508,Monty Bowman,"0 Glacier Hill Avenue",1994-12-21,ijacombse4@sciencedaily.com
509,Bartholomew MacAlaster,"5 Pepper Wood Drive",2000-05-20,cvane5@unc.edu
510,Marga Heinsh,"5 Dunning Way",1996-06-20,agaskampe6@macromedia.com
511,Bonnie Gerritzen,"637 Loftsgordon Point",2000-04-28,vkette7@fema.gov
512,Vanny Roddam,"17 Golf Crossing",1993-09-06,aknolese8@guardian.co.uk
513,Ginnie Aylett,"52 Delaware Way",2001-02-16,mwheelbande9@ed.gov
514,Sheree Brager,"7 Dovetail Junction",1990-05-21,eduesburyea@sun.com
515,Siouxie Dunbleton,"8566 Corscot Pass",1994-12-18,jivonseb@google.com.au
516,Rafaellle Klima,"69 Goodland Plaza",1999-06-17,dmeanwellec@java.com
517,Gustav Pattesall,"5 Schmedeman Street",2001-08-16,mcasseled@spiegel.de
518,Alie Bonnor,"0 Sachtjen Drive",2004-11-28,abennellee@mediafire.com
519,Cinderella Lantuffe,"1 Hovde Crossing",2001-09-09,cfolominef@ted.com
520,Tiphanie Oughtright,"95 Merry Court",1995-01-11,acopellieg@businessinsider.com
521,Waiter Footer,"3386 Victoria Trail",2003-05-25,noutrighteh@cdbaby.com
522,Zara Schutte,"99 Dayton Street",1994-02-17,crodgerei@moonfruit.com
523,Wes Nern,"6 American Way",1999-11-07,gsorelej@who.int
524,Sharleen Baythorp,"204 Center Street",1996-02-04,nmacterrellyek@umich.edu
525,Everard Screech,"67 Ronald Regan Hill",1990-03-22,rkingswoodel@jiathis.com
526,Gallard Blacksell,"8596 Grayhawk Parkway",2002-01-07,glabbaem@example.com
527,Cosme Titley,"8697 Bay Plaza",2001-05-29,jtimbridgeen@zdnet.com
528,Rancell Rapier,"77 Dahle Parkway",2002-06-23,ngaymareo@ebay.com
529,Angelo Bottoner,"4 Browning Place",2003-06-23,ssweynsonep@prlog.org
530,Ileana Chartres,"413 Barby Lane",1998-01-19,rolorenshaweq@tripadvisor.com
531,Rosina Karpov,"61 Swallow Alley",2003-01-15,egatcheler@purevolume.com
532,Mohandis McCully,"54717 1st Crossing",1997-08-14,rcockrenes@webnode.com
533,Wilton Marcussen,"76931 Pond Trail",1990-01-15,nmckinlesset@usatoday.com
534,Thain Possel,"8196 Clyde Gallagher Lane",1991-09-07,wplunketeu@github.io
535,Gaynor Yve,"1 Drewry Terrace",2003-04-17,irubertelliev@narod.ru
536,Federica Danzig,"931 Sloan Lane",1997-01-30,apurcerew@go.com
537,Dinnie Stranaghan,"73120 Butterfield Drive",2003-07-05,mbowraex@feedburner.com
538,Quill Woffenden,"97125 West Plaza",2001-08-04,gredihoughey@feedburner.com
539,Wanda Witcombe,"2 Northview Alley",1999-12-23,bgravenellez@squarespace.com
540,Huberto Dartnall,"4682 Pankratz Way",2001-03-24,chackeyf0@ehow.com
541,Papagena McIlwrick,"52407 Independence Point",1993-11-24,mcastagnaf1@fc2.com
542,Velma Matthaus,"20 Coolidge Junction",1994-08-04,sswateridgef2@ucsd.edu
543,Glynda Gilliver,"0960 Mockingbird Terrace",2002-02-01,rdooguef3@about.com
544,Cynthia Popping,"9 Summer Ridge Drive",1993-06-04,bgreensallf4@infoseek.co.jp
545,Jo Cluatt,"8293 Schurz Circle",1990-06-25,vvinsenf5@shinystat.com
546,Louis Quince,"84756 Montana Street",1997-10-24,kberthomierf6@toplist.cz
547,Joanna Peyntue,"785 Forster Court",1997-10-01,bkeplingf7@biblegateway.com
548,Niles Gawkes,"8181 Mariners Cove Parkway",1999-02-12,bmorriesonf8@home.pl
549,Branden Roisen,"16798 Dapin Point",2003-02-07,lsteerf9@usnews.com
550,Allis Yeiles,"63360 Cherokee Crossing",1999-08-14,pbigglestonefa@yellowbook.com
551,Alvinia Gorries,"4 Valley Edge Place",1992-07-08,esextenfb@harvard.edu
552,Hoyt Mc Mechan,"7 Stuart Drive",1997-05-09,hbeachemfc@thetimes.co.uk
553,Morganne Cheeke,"68 Gulseth Plaza",1991-12-05,dhallumsfd@opensource.org
554,Donnie Leatherbarrow,"56 Butterfield Plaza",2004-08-30,fcourvertfe@zimbio.com
555,Herschel Pleaden,"0 Cody Lane",1991-12-13,sstoppff@etsy.com
556,Roana Poulston,"4811 Hintze Point",2003-04-07,mseabornefg@gnu.org
557,Jean Revie,"44283 Dakota Plaza",2004-11-01,lleathamfh@arstechnica.com
558,Brian Glashby,"564 Alpine Point",1992-03-01,deyresfi@github.com
559,Sarah Huntly,"7 Oak Valley Way",1997-07-03,euttersonfj@usgs.gov
560,Deerdre Szubert,"383 Waubesa Trail",1995-02-07,saberdalgyfk@google.com.br
561,Bird Featherston,"9442 Harper Park",1990-11-03,agrzelewskifl@creativecommons.org
562,Aurie Plaskitt,"37 1st Plaza",2004-01-11,cleavoldfm@netscape.com
563,Merle Lathleiffure,"1994 Badeau Avenue",2004-07-29,bbernhardtfn@prweb.com
564,Marylou Woollons,"4390 Del Mar Court",1993-10-12,bquarlesfo@omniture.com
565,Matilda Maysor,"42 Village Alley",2001-11-03,estfp@indiegogo.com
566,Ermanno Faustian,"03889 8th Drive",1998-12-18,tshoresonfq@freewebs.com
567,Evita Klimushev,"61951 Talisman Pass",2003-07-14,bgroundwatorfr@nba.com
568,Dottie Silliman,"3 Del Mar Park",1994-01-20,saldridgefs@networkadvertising.org
569,Terry Pifford,"931 Ridgeview Hill",1992-12-22,dstft@de.vu
570,Carleen Blazewicz,"9854 Artisan Center",1998-03-03,cwhaymandfu@lycos.com
571,Darrell Straw,"232 Trailsway Center",1991-05-27,ochewterfv@ca.gov
572,Orlando Firminger,"3 Pepper Wood Parkway",1995-03-06,gstubleyfw@disqus.com
573,Elliott Beachem,"44816 Sullivan Point",1996-12-05,aezelefx@usgs.gov
574,Elinor Bracci,"3662 Colorado Junction",1995-04-19,kwaudfy@discuz.net
575,Feodora Baldick,"299 Heath Court",1991-02-02,cgladingfz@yellowbook.com
576,Ketti Garlic,"31 Cambridge Drive",1991-08-19,wwallbridgeg0@ifeng.com
577,Marie-jeanne Crayden,"6 Petterle Way",2004-10-28,lknibleyg1@live.com
578,Celinka Stapleford,"39 Shoshone Court",1998-12-14,mduttong2@toplist.cz
579,Ofilia Glazer,"49 Sloan Center",1993-12-14,jheughg3@lycos.com
580,Carlene Armiger,"7411 Northland Drive",1991-09-30,lastleyg4@example.com
581,Kali Heeps,"8057 Homewood Center",1991-03-22,ohending5@meetup.com
582,Joannes Schulke,"0329 Calypso Terrace",2000-11-20,csmalridgeg6@jigsy.com
583,Auguste Rizzotto,"3489 Little Fleur Parkway",1994-01-01,ciglesiasg7@unc.edu
584,Katlin Dunleavy,"7038 Barnett Alley",1997-04-23,mbrunkeg8@alibaba.com
585,Had Stratton,"27123 Sherman Circle",1999-09-05,mcorteseg9@java.com
586,Letti Roncelli,"12 Ilene Park",1990-03-17,zweeksga@canalblog.com
587,Lianne Windham,"3722 Trailsway Terrace",1996-10-16,atiptaftgb@cornell.edu
588,Viki Lamboll,"0173 Graceland Park",2004-01-01,ljudkinsgc@is.gd
589,Stinky Good,"58 Packers Center",1994-07-21,ldowtrygd@goodreads.com
590,Bryn Blumson,"12097 Huxley Way",1997-09-20,ecolisbege@ifeng.com
591,Jacquelynn Lyford,"1 Eggendart Court",1990-01-11,mcounihangf@github.com
592,Huntlee Deerr,"33785 Gerald Crossing",2001-05-26,zpipkingg@sfgate.com
593,Orion Pentelo,"87 Ronald Regan Junction",1997-04-19,jtuckermangh@bravesites.com
594,Nata Swire,"9 Sloan Lane",1996-07-04,rkneegi@github.com
595,Emilie Shillaker,"2433 Waxwing Avenue",1994-01-19,athowlessgj@twitpic.com
596,Ermengarde Phin,"07 Pleasure Trail",1997-08-02,dpeatgk@time.com
597,Ursulina Clere,"0 Hanover Center",1992-10-16,baslamgl@themeforest.net
598,Benyamin Dubery,"39822 Cardinal Circle",1992-08-26,jespinozagm@epa.gov
599,Miles Tebbs,"7 Northview Pass",1991-03-12,jfagggn@intel.com
600,Zaneta Shakelady,"42 Chive Crossing",2001-06-10,foldershawgo@dailymotion.com
601,Effie Sutcliff,"46 Valley Edge Plaza",2000-10-27,afarnworthgp@omniture.com
602,Val Jacquot,"5 Hudson Avenue",2000-05-25,jovertongq@mysql.com
603,Harold Jahnel,"78 Northland Terrace",1999-04-05,sthinngr@scientificamerican.com
604,Hal Kennelly,"452 Sheridan Alley",1996-11-09,lkoselgs@skyrock.com
605,Dillie Parfitt,"24 Bunker Hill Way",2000-01-24,feasbygt@mapy.cz
606,Sherrie Riggoll,"6 Harbort Road",1992-01-15,tspellicygu@microsoft.com
607,Fonzie Camsey,"425 Mcbride Alley",2002-12-17,gnewlingv@yellowbook.com
608,Cortie Tallquist,"0086 High Crossing Drive",2003-01-22,zmcconwaygw@google.nl
609,Adora Frankes,"713 Susan Alley",2002-06-30,csimeonegx@ftc.gov
610,Rosmunda Oylett,"305 2nd Junction",2002-10-11,fvasyatkingy@cdc.gov
611,Terencio Dearing,"236 Birchwood Street",1998-02-02,jhulbertgz@arstechnica.com
612,Buddie Barltrop,"0 Cambridge Circle",1998-09-05,bwoottonh0@list-manage.com
613,Jude Fifield,"28 Larry Avenue",1998-09-13,ashadrachh1@nytimes.com
614,Brewster Ambridge,"2 Derek Junction",1996-07-30,mgravestoneh2@storify.com
615,Margalit Dutt,"18333 Memorial Road",2003-01-14,thallibertonh3@moonfruit.com
616,Alister Muino,"10648 Hanover Way",1998-02-16,kciccarellih4@usatoday.com
617,Daniela McNaught,"061 Tomscot Avenue",1998-01-18,wguerinh5@google.co.uk
618,Lurlene MacFayden,"57129 Monterey Drive",2000-11-20,rrichardoth6@adobe.com
619,Moll Whyley,"760 Fuller Center",1990-09-05,abrassillh7@cam.ac.uk
620,Annadiane Jeandin,"5 Loftsgordon Plaza",2001-04-17,bellh8@ameblo.jp
621,Clemence De Beauchamp,"02 Northridge Terrace",1990-08-10,mliefh9@stumbleupon.com
622,Adrianna Caven,"0 Marquette Parkway",1990-09-01,emontagueha@omniture.com
623,Rozina Spearett,"53580 Banding Road",1993-02-11,ccullinanhb@soup.io
624,Lindsay Shoebrook,"9964 Milwaukee Junction",2001-06-25,ghustonhc@netlog.com
625,Aggy Beere,"365 Melby Alley",1995-11-19,tabrashkinhd@yolasite.com
626,Christiano Blore,"16 Weeping Birch Pass",2003-12-03,sbuckwellhe@berkeley.edu
627,Rachael Muckleston,"957 7th Avenue",2000-06-01,ppidwellhf@networkadvertising.org
628,Constantin Kitching,"0710 Kropf Alley",1992-06-02,cbodsworthhg@scientificamerican.com
629,Tammie Cescotti,"94594 Orin Court",1992-01-29,himlackehh@utexas.edu
630,Reagen Stendall,"0491 Gina Junction",1997-02-04,oyesenevhi@pbs.org
631,Mable Dounbare,"332 Granby Plaza",1996-06-22,kmaccafferyhj@usnews.com
632,Pamelina Millwall,"10 Carberry Junction",1992-08-02,ggigghk@latimes.com
633,Shurwood Duffer,"22 Hallows Road",1996-11-21,ihusthwaitehl@gov.uk
634,Mikel Levane,"859 Mayfield Court",2003-02-11,rtuttietthm@slashdot.org
635,Juieta Hynd,"9 Crowley Terrace",1992-12-19,ctrewinhn@godaddy.com
636,Nina Wigelsworth,"99 Green Park",1994-10-09,jwakeho@vistaprint.com
637,Gertie Braunds,"9161 4th Center",1991-06-05,bcorehp@indiatimes.com
638,Elvyn Baudoux,"26753 Little Fleur Crossing",1998-03-26,tclaworthhq@wufoo.com
639,Jacquetta Matchitt,"1900 Oak Valley Way",1998-04-11,rskethr@accuweather.com
640,Danie Diehn,"3815 Granby Pass",1998-01-01,blodyhs@loc.gov
721,Zachery Spaducci,"0 Linden Park",1995-01-22,ahayk1@wikispaces.com
641,Claribel Moyne,"91791 Golf View Crossing",1994-05-31,llindgrenht@abc.net.au
642,Rikki Tabart,"3965 Golf View Avenue",1999-09-10,jmunciehu@theglobeandmail.com
643,Dominique Lingwood,"20 Kensington Alley",2000-08-07,kcolbeckhv@examiner.com
644,Allyce Seaton,"79283 Tennessee Park",2001-08-05,ccrollhw@whitehouse.gov
645,Cleopatra Ellams,"7838 Sommers Court",2000-12-23,mcoldbreathhx@51.la
646,Karee Grolle,"66 Cody Park",2003-01-17,fbenadettehy@ameblo.jp
647,Vincenz Wims,"3 Troy Avenue",1991-07-21,sosmarhz@comcast.net
648,Coleman Durning,"45573 Forest Dale Pass",1999-06-22,cmordeyi0@arstechnica.com
649,Javier Benmore,"01164 Surrey Lane",2003-09-23,dlucioi1@weather.com
650,Erica Siddle,"73 Sugar Pass",1994-05-25,dcorrieai2@cnet.com
651,Ruperto Solland,"6089 Beilfuss Drive",1998-03-25,nelbournei3@amazon.co.uk
652,Zollie Walters,"8 Merry Center",1991-07-11,emcboylei4@java.com
653,Cathe Rapp,"35 Hansons Parkway",2001-04-04,awenmani5@gravatar.com
654,Catriona Shorbrook,"4 Kedzie Hill",2002-04-09,mbleymani6@fotki.com
655,Jyoti Braker,"43 Ryan Road",1998-03-08,vmcmenamini7@dailymail.co.uk
656,Merilyn Abbotts,"4151 Morningstar Court",1999-07-04,adei8@upenn.edu
657,Mathilda Corbridge,"27124 Little Fleur Terrace",2004-12-19,hborei9@nps.gov
658,Casar Dufore,"8475 Truax Hill",2003-08-02,whearnshawia@addtoany.com
659,Drusilla Spinelli,"70153 Ryan Street",1997-12-01,qferraroib@hubpages.com
660,Palm O'Cannon,"7378 Northwestern Court",2002-04-19,wlassellsic@xrea.com
661,Douglas Dibley,"362 Division Parkway",1999-04-02,msenussiid@sbwire.com
662,Cassaundra Schutter,"1 Eastlawn Pass",1996-04-28,ufabriie@dedecms.com
663,Huberto Cantrill,"80 Westend Trail",1991-12-16,agheorghescuif@home.pl
664,Annemarie Kattenhorn,"20 Bartelt Point",1990-06-15,jbishig@cornell.edu
665,Nissa Hiorn,"33 Goodland Crossing",2001-06-08,adanilchenkoih@mapy.cz
666,Lutero Gaul,"17 Washington Plaza",1991-01-27,ulitchmoreii@hc360.com
667,Janella Fee,"87815 5th Court",1993-02-04,oturfsij@boston.com
668,Julius O'Day,"61 Chive Center",2001-04-06,sfaradyik@foxnews.com
669,Ethyl Gayther,"1342 Anniversary Park",1990-06-13,dvanil@youku.com
670,Eada McGrae,"0 Darwin Avenue",1990-03-15,mjerzykiewiczim@ihg.com
671,Catarina Dungey,"452 Alpine Trail",1992-09-06,homannionin@economist.com
672,Alika Schole,"76323 Mitchell Lane",2001-10-09,mmathersio@so-net.ne.jp
673,Julita Dog,"5 Daystar Parkway",1992-06-27,epietrowskiip@intel.com
674,Alexine Fearnsides,"074 Bluejay Avenue",2001-03-17,kcloneyiq@bluehost.com
675,Tobye Elt,"26 Red Cloud Terrace",1996-01-22,nellicockir@accuweather.com
676,Moore Kay,"512 Schlimgen Alley",2001-12-23,dmarneyis@elpais.com
677,Maia Dumbar,"0 Golf View Point",1990-09-04,kcriellyit@house.gov
678,Molly Kewish,"1569 Lerdahl Drive",1994-05-02,bcatmulliu@mysql.com
679,Hamel Pinn,"1 Oak Junction",1999-02-20,mgoodiv@webs.com
680,Gherardo Nathon,"9481 Eastlawn Crossing",1993-05-08,tkimbliniw@virginia.edu
681,Alyse Base,"89351 Delladonna Way",2000-06-04,abaretteix@berkeley.edu
682,Theadora McMenamy,"5 Iowa Point",1991-09-12,dcharloiy@jimdo.com
683,Daven Frohock,"57 Rusk Crossing",2004-07-31,ecorzoriz@barnesandnoble.com
684,Kerk Stillwell,"56 Riverside Junction",2002-10-11,uantonionij0@blinklist.com
685,Sacha Kimber,"4664 Shoshone Center",1994-11-01,nbrownfieldj1@oracle.com
686,Mei Essex,"330 Carpenter Parkway",1994-06-09,mkonerdingj2@cocolog-nifty.com
687,Guglielmo Blasiak,"71234 Montana Point",1990-08-25,tskelhornj3@instagram.com
688,Arabella Dury,"84013 Crest Line Place",1998-10-19,zflorentinej4@merriam-webster.com
689,Gabriel Gillanders,"29 Paget Center",1992-02-24,ffrugierj5@twitter.com
690,Bunni Ludford,"42859 Ridge Oak Pass",2002-04-09,ccubbitj6@pbs.org
691,Latashia Keenleyside,"95418 Cambridge Hill",2002-10-08,khinksenj7@purevolume.com
692,Ardelis Lippatt,"47625 Lakewood Center",1990-07-16,acurmj8@cbsnews.com
693,Corey Gawen,"57072 Dwight Pass",1999-05-13,ialexisj9@google.ru
694,Lucille Dartnell,"99 Eagle Crest Drive",1995-08-08,hdudgeonja@mediafire.com
695,Vin Schaben,"8 Valley Edge Lane",2002-09-18,sbergstramjb@csmonitor.com
696,Hephzibah Saipy,"76 Hanover Avenue",2001-05-27,bpaszekjc@geocities.com
697,Blondy Empleton,"71165 Riverside Lane",2000-04-05,estealyjd@pen.io
698,Harp Wingate,"25 Summer Ridge Circle",1993-04-25,tpainterje@tuttocitta.it
699,Cherin Hardey,"8192 Bay Terrace",1992-04-30,wbulmanjf@unc.edu
700,Maxwell Jakubovsky,"2479 Sunbrook Way",2002-03-10,rokeenanjg@sina.com.cn
701,Faulkner Davey,"74 Larry Road",1991-01-22,kgilluleyjh@weibo.com
702,Marya Skelcher,"2 Haas Road",1997-08-21,ppeotzji@webs.com
703,Kevin Moggach,"4 Weeping Birch Avenue",1998-06-16,alorentzenjj@virginia.edu
704,Ravid Evenden,"1 Green Ridge Crossing",1995-12-09,babbisonjk@tiny.cc
705,Bryant Chittim,"374 Scofield Avenue",1993-08-29,alaurentinjl@furl.net
706,Annice McGlew,"7628 Oneill Trail",1993-05-26,kwynejm@addtoany.com
707,Shauna Derry,"57 Alpine Court",1992-03-20,fbradnockejn@behance.net
708,Susannah Ixer,"456 Harbort Parkway",2002-08-21,gkornousekjo@multiply.com
709,Stephi Mitchely,"31618 Arrowood Way",1995-08-16,rlambornjp@amazon.co.uk
710,Rafe Torbeck,"1296 Farragut Plaza",1998-02-12,htillerjq@adobe.com
711,Chane Imesen,"231 Blue Bill Park Road",1992-09-06,eleamanjr@engadget.com
712,Koenraad Allin,"00640 Kings Point",2004-01-27,rrossbrookjs@is.gd
713,Valenka Newgrosh,"2 Southridge Lane",1997-12-06,scutbirthjt@bravesites.com
714,Blinnie Towle,"099 Valley Edge Hill",2003-04-18,amanginotju@slideshare.net
715,Connie Goolding,"5 Pierstorff Road",1992-04-26,cstansbiejv@phoca.cz
716,Eleni Ruoff,"6866 American Hill",1991-07-10,kpearjw@php.net
717,Erhart Sandall,"295 Kennedy Pass",1991-04-05,bconachyjx@cdc.gov
718,Timmy Scrauniage,"2 Buell Center",1993-09-19,njosephsonjy@psu.edu
719,Michael Coling,"82 Buena Vista Terrace",1990-02-25,hpeeverjz@digg.com
720,Sapphire Atterley,"9765 Banding Alley",2000-10-03,gmebesk0@fda.gov
722,Odele Deveraux,"5642 Pine View Alley",1999-06-02,gniesek2@mapquest.com
723,Sherm Beaumont,"04 Maple Wood Center",2002-02-11,gmowattk3@java.com
724,Lenard Hornig,"91574 Russell Drive",1997-12-11,bjakubiakk4@storify.com
725,Abigael Legonidec,"4992 Katie Circle",1997-02-19,dnorthridgek5@deliciousdays.com
726,Ida Reeme,"63007 Anhalt Parkway",1991-03-21,brustadgek6@narod.ru
727,Bellina O'Shiels,"0881 Bunting Park",2004-10-18,jloukesk7@amazon.co.uk
728,Elisabetta Count,"93 Golden Leaf Trail",2003-10-03,bjakoubeck8@sphinn.com
729,Cordey Keeble,"7 Oneill Crossing",1993-10-31,btreverk9@time.com
730,Tammara Parratt,"434 Upham Alley",1991-07-16,rlistka@symantec.com
731,Debbi Flowers,"250 Boyd Park",2003-11-08,grupertokb@aol.com
732,Claretta Grimley,"51841 Basil Crossing",1998-01-08,kmuslimkc@washington.edu
733,Lombard Fautley,"85 Loftsgordon Trail",1992-10-30,vsimonellikd@java.com
734,Terencio Eve,"44 Toban Place",1994-08-01,acolombke@yandex.ru
735,Athene Sturm,"25 Tennessee Plaza",1998-04-13,dhartshornekf@vk.com
736,Zitella Gamble,"73 Knutson Road",1994-08-12,dbealkg@linkedin.com
737,Emily Parradice,"93 Hoepker Street",1997-08-08,cmonteskh@nationalgeographic.com
738,Clive Hirche,"7885 North Pass",1991-03-12,gfaseyki@hostgator.com
739,Diannne Auten,"13 Golden Leaf Trail",2001-09-16,ehanveykj@theguardian.com
740,Elaine Cristofolini,"8251 Bunting Junction",1991-01-07,vwaynekk@hao123.com
741,Dillie Gianolini,"0217 Tennyson Court",1991-12-25,cgrigorushkinkl@howstuffworks.com
742,Milly Sodo,"5 Columbus Pass",1991-03-06,blipmannkm@unblog.fr
743,Ame Lannon,"4256 New Castle Drive",1997-05-25,dvellenderkn@mediafire.com
744,Justus Godson,"93194 Dawn Junction",2002-05-10,tliddelko@about.com
745,Sisile Canaan,"6 Hoepker Junction",2001-06-06,evaszolykp@google.de
746,Magdalene Kenneway,"20952 Dwight Street",1990-06-24,sstennerkq@creativecommons.org
747,Britt Archer,"78178 Hintze Hill",1995-03-23,tlocknerkr@histats.com
748,Reube Bellsham,"31029 Bunker Hill Street",1997-03-18,gedmettks@meetup.com
749,Dell Deane,"8376 Anderson Center",1997-01-14,bwallingkt@vistaprint.com
750,Vaughan Antonopoulos,"4348 Rockefeller Parkway",1993-03-01,ecopcoteku@delicious.com
751,Cindra Warner,"7380 Little Fleur Circle",2001-10-29,tlodovichikv@bloglovin.com
752,Aldo Fairbard,"6389 Lakewood Gardens Street",1992-02-13,bodeorankw@spiegel.de
753,Pierette Giblett,"43116 Dahle Terrace",1995-04-02,wsalvadorkx@mozilla.com
754,Faye Jeske,"24 Calypso Park",2004-04-17,sfrierky@amazon.co.jp
755,Damian Pischoff,"35 Fairfield Avenue",1994-01-30,srossinkz@cpanel.net
756,Marisa Pennings,"79 Schurz Hill",1999-10-21,lverdeyl0@weebly.com
757,Kristal Scafe,"10 Grasskamp Plaza",1991-04-06,tcawsyl1@admin.ch
758,Charmion Platfoot,"16577 Morning Street",1992-04-01,eboncoeurl2@sohu.com
759,Laraine Yanuk,"7296 Nova Drive",1991-08-05,velldredl3@telegraph.co.uk
760,Blithe Saxon,"987 Eggendart Center",1998-02-11,bblakemorel4@google.ca
761,Emanuele Mackilpatrick,"34 Division Place",1993-11-26,lgherarduccil5@tiny.cc
762,Caryl Martinolli,"5390 Wayridge Circle",2004-10-10,clakel6@army.mil
763,Joyan Tufts,"9748 Sachtjen Way",2004-06-05,pmahadyl7@bing.com
764,Omero O'Donnelly,"65 Stephen Lane",1991-06-02,thargeriel8@studiopress.com
765,Dorey Turbard,"08 Lakewood Gardens Way",1995-09-03,bmetzkel9@reuters.com
766,Jo ann Gummory,"75 Vera Park",1994-09-05,apearlela@sciencedaily.com
767,Peirce Hammel,"588 Springs Center",1995-09-14,lmeardonlb@desdev.cn
768,Bartolemo Francesc,"10 Northland Terrace",2003-04-05,hmcneillielc@cpanel.net
769,Kerianne Winchurst,"6 Pine View Place",1999-07-28,bludronld@newsvine.com
770,Otha Secrett,"0 Pine View Alley",1994-02-26,acaudwellle@noaa.gov
771,Chaddie Hagland,"63 Mendota Pass",1998-11-08,tpeckittlf@nih.gov
772,Marketa Howden,"3655 Katie Point",1993-11-30,iescofierlg@virginia.edu
773,Charla Emblow,"572 Cottonwood Court",2003-06-17,hganifordlh@jiathis.com
774,Sibella Koppelmann,"13172 Mallory Lane",1995-08-19,mkynanli@patch.com
775,Loleta Collie,"91 Emmet Court",2002-09-29,jbattinlj@buzzfeed.com
776,Ev Red,"5 Saint Paul Circle",1997-08-14,mstancerlk@google.com.hk
777,Harv Ready,"52129 Little Fleur Circle",1991-03-07,drohlfll@goo.gl
778,Kissie Brennon,"310 Arapahoe Pass",1991-03-30,rwyralllm@com.com
779,Dex Pimer,"78022 Cody Trail",2004-10-22,jmacliceln@hc360.com
780,Ginevra MacAndreis,"5960 Hoepker Terrace",1993-07-10,btaylotlo@ning.com
781,Francisca Walas,"8 Red Cloud Park",2002-12-02,cmeaslp@multiply.com
782,Yoshiko Duffer,"4 Pierstorff Pass",1999-03-23,tdonaghylq@scientificamerican.com
783,Christophe Thorndycraft,"861 Talisman Way",1992-03-31,klevenskylr@youku.com
784,Nolan Notman,"3 Ridge Oak Court",1998-05-18,myandlels@nationalgeographic.com
785,Juanita Baudin,"22191 Pine View Plaza",1997-06-29,jvarfalameevlt@wsj.com
786,Lionel Crannis,"96158 Algoma Trail",1990-04-07,daytolu@ucla.edu
787,Jarvis Folliss,"20 Memorial Avenue",2003-04-02,rsamudiolv@dailymotion.com
788,Henrie Stobo,"955 Golden Leaf Center",1992-12-25,jdearanlw@google.co.uk
789,Tabitha Larne,"07605 Morning Place",2001-07-28,plidgatelx@senate.gov
790,Fabian Greener,"6508 Sunnyside Lane",1993-11-05,hgathly@spiegel.de
791,Betteanne Spilsburie,"3527 Algoma Road",2001-11-08,rborkettlz@scientificamerican.com
792,Ellwood Vidloc,"431 Beilfuss Park",1997-09-15,srihosekm0@scientificamerican.com
793,Flor Eaglestone,"7 Lien Circle",1990-03-03,flewsamm1@jimdo.com
794,Terry Burdoun,"544 Dovetail Terrace",1998-04-14,tbradfieldm2@canalblog.com
795,Carly Pursglove,"0461 Arapahoe Center",1991-01-20,vcohalanm3@fema.gov
796,Xever Harmstone,"5260 Hollow Ridge Drive",1995-10-20,bkitchingmanm4@parallels.com
797,Wren Joselson,"547 Clove Alley",1994-03-30,cblakdenm5@cam.ac.uk
798,Udell Lockie,"2 Hintze Drive",1991-03-09,mmcgladem6@amazonaws.com
799,Demetri Couth,"48 Leroy Junction",1999-01-14,pblemenm7@1688.com
800,Chantal Jeannequin,"275 Vera Terrace",1991-09-28,wpeattiem8@nyu.edu
801,Devon Aleavy,"9 Ridge Oak Terrace",2004-12-21,fdim9@ameblo.jp
802,Brooke Fasset,"9 Jenifer Hill",1993-01-28,hlamasnama@freewebs.com
803,Duff Teanby,"36983 Morningstar Pass",1998-11-23,cblaasemb@ibm.com
804,Denver Harrad,"069 Mosinee Lane",1991-07-18,pslaghtmc@who.int
805,Karina Burkin,"6 Loftsgordon Crossing",1992-06-18,jdohmsmd@vinaora.com
806,Esmeralda Jaukovic,"7697 Summer Ridge Drive",2002-05-22,slehenmannme@desdev.cn
807,Thebault Wigfall,"74 Corben Plaza",1998-07-21,scannellmf@slate.com
808,Von Tumility,"97888 Knutson Drive",2000-12-02,mpresslandmg@newsvine.com
809,Foss Mateescu,"59308 Tennessee Circle",1996-06-10,mbeermh@weibo.com
810,Zea Felix,"0854 Spohn Junction",2004-10-06,vbonafantmi@miibeian.gov.cn
811,Dorice Kilcoyne,"0324 Dorton Plaza",2003-02-10,acowmj@earthlink.net
812,Florette Fagge,"30721 Tomscot Way",2000-12-06,lmatuszewskimk@examiner.com
813,Marlo Louca,"439 6th Terrace",1992-03-01,mgaudinml@narod.ru
814,Nevin Glossop,"4744 Holmberg Plaza",1994-06-22,ftriebnermm@shareasale.com
815,Vivi Massimo,"490 Lukken Parkway",2003-02-14,ehumphrysmn@blogspot.com
816,Lauren Carff,"993 Sommers Lane",2002-11-15,aarpmo@xing.com
817,Erl Pfeifer,"90 Hoffman Hill",1999-08-25,frosellmp@epa.gov
818,Chrissy Kern,"3 Dixon Park",1990-05-18,acanemq@independent.co.uk
819,Sly Libbey,"656 Victoria Trail",1990-03-17,emaccrannmr@google.cn
820,Matt Battin,"6 Clarendon Pass",1998-03-28,rbumms@storify.com
821,Thadeus Tomicki,"86 Iowa Drive",1993-08-11,rbrindlemt@shinystat.com
822,Winston Pinor,"9 Arapahoe Center",2004-07-04,sbissmu@dion.ne.jp
823,Erie Gudd,"32024 Fair Oaks Junction",1991-01-19,asedgemoremv@163.com
824,Chiquia Barnaclough,"3 Crownhardt Point",1990-08-20,abollammw@marriott.com
825,Wilmar Craighall,"9 Prentice Center",2003-10-15,elukasikmx@webeden.co.uk
826,Tymon Kalewe,"144 Warner Place",1998-03-16,jvearsmy@cpanel.net
827,Shelley Wilkins,"74 Sage Way",1990-04-18,afoukxmz@over-blog.com
828,Mack Coster,"55 Cherokee Junction",1991-08-04,eargabriten0@uol.com.br
829,Claiborn Srawley,"2906 Pond Point",1990-06-04,vbrodyn1@stumbleupon.com
830,Trudie Yarnley,"382 Steensland Place",1994-01-11,lbartelsellisn2@businessweek.com
831,Dorette Boustead,"14077 Melrose Center",1999-01-08,acordonn3@joomla.org
832,Sarah Defew,"61112 Mcguire Junction",1990-03-21,cborrelln4@ifeng.com
833,Madeleine Holme,"439 Dixon Trail",2001-11-25,oblacketn5@ycombinator.com
834,Luce Negri,"8820 Mitchell Drive",1990-11-12,sgrimsdalen6@github.io
835,Osgood Torn,"43867 Alpine Plaza",2004-11-01,esalmonin7@php.net
836,Jessee Blatchford,"58933 Southridge Lane",1996-06-16,ckettlestringesn8@joomla.org
837,Wren MacDearmont,"66239 Anniversary Junction",1995-10-26,yruberryn9@answers.com
838,Vivian Grinikhinov,"7 Ridge Oak Junction",1990-11-23,jcabellna@list-manage.com
839,Veronica Davenport,"59 Pleasure Hill",1992-08-28,cjeffersonnb@sogou.com
840,Jody Weatherhill,"597 Alpine Court",1991-03-19,jsethnc@businessinsider.com
841,Addy Wiltshaw,"5531 Jenna Avenue",2002-02-10,glonghornend@apple.com
842,Bryna Heyworth,"9095 Linden Alley",1997-05-23,ngebbiene@mapy.cz
843,Gerhardt Happs,"58125 Clarendon Park",2001-10-06,krobroenf@amazon.co.uk
844,Cassondra McGawn,"9360 Chive Park",1995-05-08,tizaksonng@europa.eu
845,Evania Darton,"078 Arapahoe Plaza",1990-02-28,xcapewellnh@jiathis.com
846,Luella Dressel,"7858 Lakeland Plaza",1995-02-28,mhorsteadni@woothemes.com
847,Hamel Britch,"946 Walton Terrace",1995-11-14,dbrewertonnj@earthlink.net
848,Astrix Forstall,"92165 Brickson Park Terrace",2001-05-05,sbecclesnk@imgur.com
849,Dane Pilcher,"2438 Michigan Point",1998-11-11,bworsellnl@yale.edu
850,Stillman Grayshan,"16 Dexter Pass",1993-06-14,skermittnm@jigsy.com
851,Domingo Parr,"9541 Lukken Way",1991-06-06,mparagreennn@furl.net
852,Karmen Bagenal,"17 Sycamore Center",2002-01-14,lfennno@ow.ly
853,Harwell Aronsohn,"803 Commercial Alley",2003-09-13,bpoxonnp@i2i.jp
854,Yale Ludwikiewicz,"5 Bluestem Road",1993-11-03,rmackibbonnq@prlog.org
855,Linnie Picardo,"5 Northridge Street",1990-12-27,mlaudernr@hubpages.com
856,Temp Sicely,"108 Eastwood Road",2004-03-22,mbeacomns@ovh.net
857,Ash Antognazzi,"5536 Kropf Pass",1998-06-29,emcilvaneynt@ameblo.jp
858,Gil May,"02540 Mayfield Terrace",1997-02-11,hhintzenu@ibm.com
859,Domenico Janjusevic,"244 Johnson Hill",2000-05-09,mpinwellnv@rediff.com
860,Lindsey Josovitz,"673 Pierstorff Avenue",1990-07-18,cphateplacenw@last.fm
861,Ezri Swanton,"518 Charing Cross Avenue",2003-01-18,mspirrittnx@pagesperso-orange.fr
862,Stanford Fant,"97 Bunker Hill Trail",1992-02-26,jhillhouseny@elegantthemes.com
863,Edy Biggar,"50728 Straubel Junction",1992-11-29,cluckcucknz@businesswire.com
864,Vachel Garrud,"8 Cherokee Circle",2004-02-22,gmadderno0@biblegateway.com
865,Berti Attawell,"5588 Barnett Crossing",1994-09-19,peckelso1@ihg.com
866,Honey Marre,"7 Little Fleur Drive",1993-06-29,gheditcho2@indiatimes.com
867,Felice Darrow,"452 Corben Park",2004-07-18,lrobertellio3@apple.com
868,Ethelbert Yanuk,"8179 Blue Bill Park Hill",1990-02-11,aharsento4@microsoft.com
869,Carolin Dotson,"70074 Oakridge Pass",1993-11-23,cmecoo5@usatoday.com
870,Laverne Primett,"5 Linden Way",1994-11-08,mstaresmeareo6@loc.gov
871,Luce Shefton,"9 Bellgrove Junction",1992-02-15,dstonero7@free.fr
872,Lemmie Butter,"99447 American Ash Park",1990-05-16,ljuleffo8@ibm.com
873,Jorie Vardey,"80 Claremont Circle",2004-06-10,cciabatterio9@usnews.com
874,Biron Barniss,"988 Golf Course Circle",1992-11-13,jcraykoa@1688.com
875,Barney Schimek,"174 Sachtjen Pass",2001-04-04,bhenningtonob@artisteer.com
876,Auberta Bockin,"5 Almo Hill",1998-03-27,jbenezeitoc@g.co
877,Davy Ulrik,"269 Carberry Hill",1990-04-18,kbeaod@g.co
878,Jean Gumly,"80 Butternut Crossing",1997-08-13,ckarleoe@bluehost.com
879,Julienne McAree,"469 Paget Center",2003-07-08,ejirakof@tumblr.com
880,Barnabas Jewes,"88 Canary Pass",1994-10-17,zmichieliog@cam.ac.uk
881,Anabella Rudgard,"0488 Clarendon Parkway",1997-10-09,fbartramoh@last.fm
882,Emalee Barck,"9228 Ramsey Plaza",2000-08-08,nspelwoodoi@people.com.cn
883,Grange Blindermann,"6203 Mayfield Street",2000-04-08,kseyersoj@mtv.com
884,Teirtza Bill,"05 Clemons Street",1995-11-05,piredaleok@rambler.ru
885,Saba Davisson,"10689 Badeau Crossing",1998-10-17,nmaturaol@cbc.ca
886,Burnaby Guidotti,"72 Sloan Plaza",1990-05-19,zgothardom@comcast.net
887,Flint Canto,"0597 Portage Center",1992-03-06,bdumbellon@craigslist.org
888,Onida Cranfield,"22278 Stone Corner Terrace",2004-05-28,gsallingeroo@wikia.com
889,Gerry Testin,"3 Pine View Hill",2000-09-30,xvawtonop@europa.eu
890,Dalston Whittlesee,"0461 Dexter Junction",2003-06-13,fwaythingoq@github.com
891,Guy MacKnockiter,"6 Lakewood Road",2004-08-02,bstubbsor@dailymail.co.uk
892,Colby Matiashvili,"377 Kenwood Plaza",1992-03-23,kfrailos@vkontakte.ru
893,Rudolph Sclanders,"506 Troy Terrace",1995-11-19,alandorot@dot.gov
894,Layne Elford,"08 Susan Terrace",1997-07-08,bcrunkhornou@imageshack.us
895,Rochella Illiston,"0377 Loomis Alley",1997-05-10,dantowskiov@fastcompany.com
896,Ben Roome,"17 Starling Center",2002-10-28,schrispinow@abc.net.au
897,Alane Senecaux,"70600 Superior Crossing",2003-12-31,cpallisterox@is.gd
898,Margette Scard,"50 Sutherland Court",1991-02-27,kgalvinoy@vinaora.com
899,Bernard Targe,"379 Forster Park",1991-03-21,mmcewanoz@wikipedia.org
900,Alanah Trime,"96 Everett Street",1999-03-25,mbletsorp0@icio.us
901,Sheelah Dixon,"8 East Junction",1990-11-17,cblythp1@businessinsider.com
902,Nicoline Jarrelt,"7 Southridge Street",1994-03-07,eheathcotep2@chronoengine.com
903,Amara Coales,"7 Crescent Oaks Lane",1990-12-02,jcawderyp3@timesonline.co.uk
904,Tabina Scutts,"07 Bonner Parkway",1997-12-27,cashtonp4@typepad.com
905,Enriqueta Duffyn,"00027 Autumn Leaf Drive",1997-06-12,cdaouzep5@pagesperso-orange.fr
906,Bay Flowith,"596 Eliot Circle",2002-09-22,sogerp6@nsw.gov.au
907,Sidoney Storm,"57 Loomis Hill",1996-05-31,apadyp7@opensource.org
908,Helli Khristoforov,"4 Lighthouse Bay Park",1992-01-10,npinap8@twitpic.com
909,Mayne Sjostrom,"02 Oriole Avenue",1992-02-11,cverzeyp9@studiopress.com
910,Rosalind Hinkins,"3 Division Parkway",1990-06-26,agrigsbypa@un.org
911,Bronnie Mattock,"05 Lakewood Drive",1992-04-11,rsafepb@japanpost.jp
912,Nicolais O'Carrol,"4 Laurel Parkway",1990-02-08,qgroompc@goo.gl
913,Ragnar Stelli,"9134 Quincy Place",2004-01-13,rfairbankpd@ocn.ne.jp
914,Nerte Fursse,"6 Clarendon Alley",1998-12-29,nnisardpe@ask.com
915,Tory Milley,"63 Schiller Crossing",1990-02-13,obrettellepf@phoca.cz
916,Leanna Hallwell,"2 Karstens Point",1993-11-20,gseerypg@flavors.me
917,Rosabel Brockington,"868 Shasta Terrace",1993-05-17,krichardph@businesswire.com
918,Kathie Bulbeck,"1 Sycamore Crossing",1998-09-01,osmalingpi@walmart.com
919,Maren Balazin,"9170 Sugar Parkway",1991-04-07,rwolferspj@google.co.jp
920,Wit Quiddinton,"85697 Oriole Terrace",2003-09-16,hturlandpk@facebook.com
921,Lauretta Greenroyd,"66 Portage Center",1993-11-17,jchristleypl@barnesandnoble.com
922,Debbie Tassell,"855 Ramsey Way",1996-06-11,bcrumpm@umn.edu
923,Nicolina Hubery,"6681 Ohio Lane",2002-05-12,lrositapn@360.cn
924,Meier Harwin,"732 Artisan Avenue",2003-01-05,rbifordpo@mashable.com
925,Kellen Ambresin,"32 Division Circle",1993-01-03,hallmannpp@scribd.com
926,Kamila Sturt,"8205 Scofield Crossing",1996-12-24,mantoinetpq@addtoany.com
927,Belita Battle,"8 Sloan Road",2003-09-22,jrennisonpr@va.gov
928,Ellwood Dabs,"062 Birchwood Junction",1995-12-15,adumpletonps@cloudflare.com
929,Emalia Grundell,"436 Novick Street",1997-10-29,ftrobeypt@columbia.edu
930,Bogey Dimmer,"77 Anzinger Court",1997-09-02,mtaylderpu@dailymotion.com
931,Susann Skippings,"3 Anniversary Junction",1996-04-17,hmcconigalpv@noaa.gov
932,Andree Cherry Holme,"1 Annamark Pass",1996-05-12,cvequaudpw@ifeng.com
933,Wallie Ditzel,"6 Jenifer Lane",1998-10-26,lhaskaynepx@cisco.com
934,Kalli Ghelarducci,"92 Knutson Hill",1995-10-30,rlefwichpy@chicagotribune.com
935,Chelsea Glandfield,"94 Red Cloud Drive",2001-05-27,mmcgralepz@histats.com
936,Meyer Pedwell,"27 Hayes Trail",1991-11-06,cfreckinghamq0@newyorker.com
937,Robbin Chadwyck,"317 Prentice Pass",1991-06-27,dworsleyq1@hubpages.com
938,Mason Croy,"3307 Scofield Circle",2001-04-27,hpontinq2@scribd.com
939,Willy Smolan,"579 Mariners Cove Terrace",2000-04-06,ggrigoriq3@sun.com
940,Adrian Rydeard,"051 Arrowood Point",1993-05-10,cdavetq4@patch.com
941,Sherwood Phalip,"91 Lakewood Gardens Junction",1998-10-20,dvainesq5@bloglines.com
942,Ingamar Hassin,"4 Stuart Circle",1995-05-06,wfrancinoq6@opensource.org
943,Hammad Jeannet,"45031 Blaine Drive",1996-08-28,rblaydonq7@techcrunch.com
944,Amaleta Swainson,"75999 Debra Plaza",2000-12-15,minstrellq8@cnet.com
945,Chaddy Laurenson,"3857 Dunning Street",1992-08-03,mgrimstonq9@sun.com
946,Gasper Fahy,"596 Buhler Alley",1993-01-27,gredierqa@mayoclinic.com
947,Tadeo Turpey,"0261 Huxley Place",1994-04-01,melphinstoneqb@google.co.uk
948,Mickie Lingley,"7712 Florence Center",2004-05-17,wdadgeqc@amazon.co.uk
949,Dot Nassi,"8 Corscot Plaza",2002-02-08,ddishmanqd@nifty.com
950,Dorelle Howarth,"14586 Northridge Point",2000-11-07,mhrishchenkoqe@instagram.com
951,Peder Giovannardi,"61274 West Hill",1997-03-13,gpettoqf@facebook.com
952,Addi Jobe,"31638 Carberry Circle",1994-11-27,dmartignoniqg@instagram.com
953,Peri Aliberti,"34697 Kinsman Plaza",2002-04-26,kansellqh@ning.com
954,Orv Willmott,"9 Eastwood Hill",2002-03-20,pstorrqi@sbwire.com
955,Merwyn Stannah,"09522 Vidon Lane",1992-08-30,gsparroweqj@yandex.ru
956,Rufe Folli,"720 Dapin Point",2002-01-28,ccheyneyqk@icio.us
957,Emelda Faucherand,"90 Hermina Pass",1998-03-09,fmuskettql@samsung.com
958,Dasya Waters,"1 Claremont Hill",1990-06-25,aswateqm@delicious.com
959,Tracy Hallows,"10 Bartillon Pass",1992-05-30,cfinlryqn@miitbeian.gov.cn
960,Leanora Bagger,"173 Cordelia Parkway",2000-10-15,fghiraldiqo@flickr.com
961,Myriam Knocker,"2 Paget Center",1998-12-17,cdecreuzeqp@sciencedaily.com
962,Nat Richarson,"58 Sloan Hill",2003-04-30,rklehynqq@foxnews.com
963,Reagan Wyne,"24345 Sheridan Junction",2000-08-06,tromainqr@apple.com
964,Timothee Vamplers,"3 Westport Terrace",1992-02-25,ipawelskiqs@virginia.edu
965,Tiffany Haglinton,"0178 Barnett Point",2000-12-29,rbaudinoqt@pcworld.com
966,Glory McDunlevy,"9357 Brickson Park Junction",2002-05-17,tollisqu@wix.com
967,Antonetta Geipel,"973 8th Street",1996-02-29,acuskeryqv@creativecommons.org
968,Deana Sloam,"936 Russell Street",1990-06-18,amowsdellqw@sogou.com
969,Tobe McIlhatton,"08 Shoshone Crossing",1992-02-10,kdomonkosqx@ucoz.com
970,Omero Lorent,"58657 Logan Terrace",2000-05-20,mlanehamqy@paginegialle.it
971,Tani Woolam,"5 Stang Avenue",1997-04-24,mdavidmanqz@npr.org
972,Gifford Cape,"9869 Sachtjen Junction",2002-11-30,mpickwellr0@mysql.com
973,Jinny Berg,"63400 Ronald Regan Lane",1990-10-26,ehedderlyr1@jugem.jp
974,Geri Joint,"08581 Gerald Way",2002-08-02,lhaspineallr2@hp.com
975,Margret Fetterplace,"35942 Stone Corner Road",2004-09-19,mburdounr3@un.org
976,Mala Paige,"45 Parkside Plaza",2003-06-14,jhagwoodr4@meetup.com
977,Kerry Lillow,"90298 Burning Wood Road",1990-06-15,fgreestr5@skyrock.com
978,Ingrid Scamerdine,"233 Thackeray Street",2000-03-22,awoolmingtonr6@latimes.com
979,Othilie Kiley,"8 Independence Lane",1998-12-13,hkitteridger7@nydailynews.com
980,Mackenzie Godart,"02723 Lunder Alley",1990-08-20,wlinneyr8@google.com.hk
981,Lincoln Forrestall,"572 Commercial Plaza",1992-02-16,sbalchenr9@yahoo.co.jp
982,Timothee Jacqueminot,"6703 Iowa Road",1991-07-03,mdynera@spiegel.de
983,Sonya Kieran,"6157 Schlimgen Hill",1998-01-23,jroslerb@unc.edu
984,Hilliary Dulwitch,"64677 Amoth Place",1992-08-29,rrearc@t.co
985,Ilse Salasar,"0980 Mayer Avenue",1999-06-21,jrobertssonrd@mozilla.org
986,Meggy Kardos-Stowe,"247 Bowman Road",2004-03-15,aorodanere@networksolutions.com
987,Simone MacRory,"47 Charing Cross Lane",1990-05-10,jreynaldsrf@dion.ne.jp
988,Alexio Brookwood,"0 Esch Hill",1991-05-08,cstorckerg@dagondesign.com
989,Deidre Crayden,"4 Elka Street",1999-07-18,rjosselrh@mediafire.com
990,Coraline Paramor,"4337 Meadow Valley Place",2002-10-04,lfaveryearri@so-net.ne.jp
991,Madelene Dibbe,"8140 Briar Crest Alley",1996-06-18,gjeannotrj@free.fr
992,Brendon Gearty,"28483 Mallory Terrace",1999-01-11,bblissrk@ft.com
993,Mayer Bosden,"6 Banding Park",1997-05-29,tjosskovitzrl@dmoz.org
994,Mohandas Larmett,"69706 John Wall Way",1993-04-25,fwakerleyrm@psu.edu
995,Daffy Jurries,"84022 Clyde Gallagher Center",2000-08-31,gstrn@fema.gov
996,Dan Castille,"19 Sachtjen Junction",1990-12-28,mwrothro@prnewswire.com
997,Sloane McClarence,"228 Kipling Crossing",1993-09-15,btythertonrp@surveymonkey.com
998,Weylin De Courtney,"0 Cardinal Park",1990-04-30,lgobatrq@state.tx.us
999,Selle Pirot,"072 Dakota Avenue",1998-01-29,hmeenehanrr@tinyurl.com
